# Blender 4.4.0
# www.blender.org
mtllib Cottage.mtl
o Front
v 10.695137 4.162337 -10.407685
v 10.695137 -1.835222 -10.407685
v 10.695137 4.162337 -10.223756
v 10.695137 -1.835222 -10.223756
v -3.209378 4.162337 -10.407685
v -3.209378 -1.835222 -10.407685
v -3.209378 4.162337 -10.223756
v -3.209378 -1.835222 -10.223756
v -1.052011 3.368977 -10.223756
v 1.627208 3.368977 -10.223756
v -1.052011 0.342422 -10.223756
v 1.627208 0.342422 -10.223756
v -1.053219 0.342422 -10.407685
v -1.053219 3.368977 -10.407685
v 1.625999 3.368977 -10.407685
v 1.625999 0.342422 -10.407685
v 5.146540 0.342422 -10.223756
v 7.825758 0.342422 -10.223756
v 7.825758 3.368977 -10.223756
v 5.146540 3.368977 -10.223756
v 5.145332 0.342422 -10.407685
v 7.824551 0.342422 -10.407685
v 5.145332 3.368977 -10.407685
v 7.824551 3.368977 -10.407685
vn -0.0000 1.0000 -0.0000
vn -0.0000 -0.0000 1.0000
vn -1.0000 -0.0000 -0.0000
vn -0.0000 -1.0000 -0.0000
vn 1.0000 -0.0000 -0.0000
vn -0.0000 -0.0000 -1.0000
vn -1.0000 -0.0000 0.0066
vn 1.0000 -0.0000 -0.0066
vt -0.055806 0.666126
vt -1.053212 0.665648
vt -1.053062 -0.331758
vt -0.055656 -0.331280
vt -0.055506 -1.328685
vt 0.941899 -1.328208
vt 0.579730 -1.173628
vt 0.076408 -1.173869
vt 0.076312 -0.537044
vt 0.076379 -0.981682
vt 0.076341 -0.729232
vt 0.579701 -0.981441
vt 0.941750 -0.330802
vt 0.579634 -0.536803
vt 0.579663 -0.728990
vt 0.941300 2.661415
vt -0.056106 2.660937
vt -0.055956 1.663532
vt 0.941450 1.664010
vt 1.939005 0.667082
vt 0.941600 0.666604
vt 1.939155 -0.330324
vt 0.579326 1.509169
vt 0.076005 1.508928
vt 0.076101 0.872103
vt 0.076071 1.064290
vt 0.076034 1.316741
vt 0.579356 1.316982
vt 0.579393 1.064532
vt 0.579422 0.872345
vt 0.606641 1.663849
vt 0.423015 1.663761
vt 0.422865 2.661167
vt 0.606491 2.661255
vt 0.941450 1.663190
vt -0.055806 0.667706
vt -0.055806 0.667256
vt 0.941450 1.662740
vt 0.589222 0.666435
vt 0.589372 -0.330971
vt 0.405746 -0.331059
vt 0.405596 0.666347
vt 0.405740 -0.331059
vt 0.589374 -0.330971
vt 0.941899 -1.327388
vt 0.941899 -1.326938
vt 0.605831 1.663849
vt 0.422204 1.663761
vt 0.422054 2.661166
vt 0.605681 2.661254
vt 0.941450 1.663188
vt -0.055806 0.667704
vt -0.055806 0.667254
vt 0.941450 1.662738
vt 0.588412 0.666435
vt 0.588562 -0.330971
vt 0.404936 -0.331059
vt 0.404786 0.666346
vt 0.404924 -0.331059
vt 0.588577 -0.330971
vt 0.941899 -1.327386
vt 0.941899 -1.326936
s 0
usemtl Material
f 1/1/1 5/2/1 7/3/1 3/4/1
f 7/5/2 8/6/2 11/7/2 9/8/2
f 19/9/2 3/4/2 7/5/2 9/8/2 10/10/2 20/11/2
f 10/10/2 12/12/2 11/7/2 8/6/2 4/13/2 3/4/2 19/9/2 18/14/2 17/15/2 20/11/2
f 8/16/3 7/17/3 5/18/3 6/19/3
f 6/20/4 2/21/4 4/13/4 8/22/4
f 2/21/5 1/1/5 3/4/5 4/13/5
f 13/23/6 6/19/6 5/18/6 14/24/6
f 5/18/6 1/1/6 24/25/6 23/26/6 15/27/6 14/24/6
f 1/1/6 2/21/6 6/19/6 13/23/6 16/28/6 15/27/6 23/26/6 21/29/6 22/30/6 24/25/6
f 10/31/7 15/32/7 16/33/7 12/34/7
f 10/35/4 9/36/4 14/37/4 15/38/4
f 9/39/8 11/40/8 13/41/8 14/42/8
f 13/43/1 11/44/1 12/45/1 16/46/1
f 19/47/7 24/48/7 22/49/7 18/50/7
f 19/51/4 20/52/4 23/53/4 24/54/4
f 20/55/8 17/56/8 21/57/8 23/58/8
f 21/59/1 17/60/1 18/61/1 22/62/1
o Left
v 10.484272 -1.815410 -10.228647
v 10.668190 -1.815410 -10.261102
v 10.414198 -1.815410 5.612112
v 10.598115 -1.815410 5.614207
v 10.598115 4.157272 5.614207
v 10.632429 7.189167 -2.130290
v 10.668190 4.113126 -10.221588
vn 1.0000 -0.0000 0.0044
vn -0.0000 -1.0000 -0.0000
vt 0.004814 1.856176
vt 0.334328 1.382586
vt 0.979221 1.391819
vt 0.974836 2.368520
vt 0.334709 2.359355
vt 1.947152 3.359206
vt 0.970451 3.345222
vt 1.951537 2.382504
s 0
usemtl Material.001
f 30/63/9 29/64/9 28/65/9 26/66/9 31/67/9
f 27/68/10 25/69/10 26/66/10 28/70/10
o Right
v -3.306170 4.564719 -9.249352
v -3.202381 -1.815410 -10.219278
v -3.015367 4.564719 -9.251818
v -2.911577 -1.815410 -10.226553
v -3.272456 -1.815410 5.612112
v -2.981652 -1.815410 5.614208
v -2.954206 3.085155 -0.590128
v -2.945194 2.797348 -2.627323
v -2.945190 3.076002 -2.628168
v -2.954199 -1.770434 -0.591846
v -2.953322 -1.774205 -0.789871
v -2.957617 -1.774710 -0.868046
v -2.953771 -1.774263 -0.688510
v -2.954192 0.255704 -0.593292
v -2.945208 -1.449146 -2.624327
v -2.712010 -1.771359 -2.618920
v -2.945214 0.255966 -2.622813
v -2.712461 -1.773627 -2.517072
v -2.952606 -1.774157 -0.951790
v -2.952528 3.082529 -0.592725
v -2.940203 2.797060 -2.627892
v -2.940198 3.075869 -2.628529
v -3.024251 -1.772058 -0.594068
v -2.963973 0.253077 -0.595890
v -3.022151 -1.780840 -0.940915
v -3.022745 -1.776776 -0.842891
v -3.021518 -1.776690 -1.045420
v -3.023515 -1.776865 -0.715684
v -2.989340 -1.369887 -2.627103
v -3.019284 0.253489 -2.625208
v -2.990154 -1.776019 -2.492688
v -2.989380 -1.773164 -2.620336
v -3.236043 7.126045 -2.616855
v -2.945244 7.126045 -2.616103
v -2.911577 4.059547 -10.226553
v -2.911577 4.254922 -10.226553
v -3.202382 4.061110 -10.222440
v -3.011174 4.060494 -10.224061
v -3.202381 4.256732 -10.222544
v -3.004870 4.255901 -10.224218
v -3.210701 5.412504 -7.091208
v -3.239975 7.142423 -1.728345
v -2.949178 7.142423 -1.726766
v -2.981652 4.025134 5.614208
v -2.968649 5.193030 2.674739
v -2.969495 5.319859 2.865983
v -2.981652 4.227629 5.614208
v -2.947226 7.174428 -2.167965
v -3.272456 4.025334 5.612112
v -3.272456 4.226625 5.612112
v -3.237949 7.173729 -2.167797
v -2.951079 7.174041 -2.167013
v -2.948029 7.174427 -2.167967
vn 0.0011 -0.9329 0.3602
vn 1.0000 -0.0000 0.0044
vn 0.1177 -0.9931 -0.0000
vn 1.0000 -0.0033 0.0039
vn 0.4781 -0.8210 0.3119
vn 0.0704 0.9975 -0.0040
vn -0.0072 -0.0000 1.0000
vn -0.0000 -1.0000 -0.0000
vn 0.0004 -0.9532 0.3023
vn -0.0196 -0.0002 -0.9998
vn -0.4287 0.8472 -0.3138
vn -0.1814 0.9180 -0.3526
vn -0.0323 0.0039 0.9995
vn 0.0604 -0.0017 -0.9982
vn -0.0161 0.9999 0.0006
vn 0.3816 0.9243 -0.0016
vn 0.5399 -0.0001 -0.8417
vn -0.0430 0.0021 0.9991
vn -0.0929 -0.0026 -0.9957
vn -0.0405 0.9348 -0.3528
vn 0.0325 0.9264 0.3751
vn 0.0056 -0.9294 -0.3691
vt 2.580487 2.746425
vt 2.580373 0.985939
vt 1.734689 0.985939
vt 1.734689 2.746425
vt -0.012564 3.817192
vt 0.583579 3.817032
vt 1.416077 3.817384
vt 1.583738 4.180229
vt 1.125942 4.506911
vt -0.025797 4.506911
vt 0.018230 3.786484
vt -0.013674 3.795184
vt -0.013691 3.806449
vt -0.025797 2.746425
vt -0.013503 3.603229
vt -0.013659 3.777190
vt 1.131564 2.746425
vt 1.729828 3.642027
vt 1.413383 3.590882
vt 1.331397 3.590976
vt 0.583656 3.591477
vt 0.081967 3.591309
vt -0.012836 3.591910
vt 1.169717 2.746425
vt 1.734689 3.592223
vt -0.025797 -0.774547
vt -0.025797 -2.535033
vt 1.125942 -2.535033
vt 1.125981 -0.774547
vt -1.786283 0.985939
vt -0.025797 0.985939
vt -1.786283 2.746425
vt 1.170070 0.985939
vt 1.169908 2.181542
vt 1.131749 2.143375
vt 1.131869 0.985939
vt 1.602147 0.776920
vt 1.734689 0.140255
vt 3.846990 3.808820
vt 3.843721 4.220635
vt 3.874320 4.219142
vt 3.876566 3.889957
vt 3.892129 2.151164
vt 3.861598 2.153316
vt 4.148968 2.166562
vt 4.167276 4.233762
vt 4.201164 4.235054
vt 4.182834 2.168872
vt -2.578882 2.519719
vt -2.532514 2.638919
vt -1.242939 3.159210
vt -2.641873 2.764875
vt -2.595130 4.370447
vt -2.541809 4.492332
vt -2.511068 4.493951
vt -2.562963 4.346365
vt -2.578447 2.870764
vt -2.096041 2.918600
vt -2.499272 2.692854
vt -2.539664 2.549445
vt -2.498555 2.439797
vt -2.532666 2.437384
vt -2.305607 4.502768
vt -2.314740 2.435759
vt -2.348859 2.438672
vt -2.336328 4.503124
vt 4.123777 -0.720158
vt 4.157648 -0.717848
vt 3.914428 -0.441169
vt 3.883799 -0.441201
vt 3.916897 -0.725419
vt 3.886256 -0.725603
vt 1.655202 -0.628804
vt 0.346693 -0.640641
vt 0.347112 -0.650823
vt 0.347437 -0.672388
vt 0.885899 -0.666824
vt 1.655280 -0.660373
vt 0.352521 2.859649
vt 0.870233 2.871435
vt 1.722898 2.892415
vt 1.722898 2.892327
vt 1.722727 2.891989
vt 1.722578 2.860725
vt 0.352210 2.830355
vt 1.657966 0.863984
vt 1.657999 0.832653
vt 0.849417 0.844797
vt 0.365458 0.857012
vt 0.365125 0.890285
s 0
usemtl Material.002
f 65/71/11 64/72/11 32/73/11 34/74/11
f 41/75/12 45/76/12 38/77/12 76/78/12 75/79/12 37/80/12
f 43/81/13 42/82/13 44/83/13
f 44/83/12 41/75/12 37/80/12 35/84/12
f 49/85/14 50/86/14 43/81/14 35/84/14 66/87/14 79/88/14 76/78/14 38/77/14 40/89/14 39/90/14 48/91/14 46/92/14 47/93/14
f 67/94/15 65/95/15 34/74/15
f 43/81/16 44/83/16 35/84/16
f 36/96/17 37/97/17 75/98/17 80/99/17
f 36/100/18 33/101/18 35/84/18 37/102/18
f 32/73/19 70/103/19 71/104/19 67/94/19 34/74/19
f 69/105/20 66/87/20 35/84/20 33/101/20 68/106/20
f 70/103/21 32/73/21 72/107/21
f 72/107/22 32/73/22 64/108/22
f 60/109/23 63/110/23 47/111/23 46/112/23 48/113/23 61/114/23
f 45/115/24 41/116/24 54/117/24 55/118/24
f 44/119/25 42/120/25 43/121/25 50/122/25 49/123/25 47/124/25 63/125/25 62/126/25 58/127/25 56/128/25 57/129/25 59/130/25 54/131/25 41/132/25
f 40/133/26 38/134/26 51/135/26 53/136/26
f 38/137/27 45/115/27 55/118/27 51/138/27
f 39/139/28 52/140/28 61/114/28 48/113/28
f 40/141/29 53/142/29 52/140/29 39/139/29
f 65/143/30 67/144/30 71/145/30 70/146/30 72/147/30 64/148/30
f 75/149/31 76/150/31 79/151/31 84/152/31 83/153/31 82/154/31 80/155/31
f 73/156/32 74/157/32 77/158/32 78/159/32 81/160/32
l 33 63
o Back
v 10.607673 4.163886 5.603943
v 10.607673 -1.815410 5.603943
v 10.607673 4.163886 5.787872
v 10.607673 -1.815410 5.787872
v -3.296842 4.163886 5.603943
v -3.296842 -1.815410 5.603943
v -3.296842 4.163886 5.787872
v -3.296842 -1.815410 5.787872
v -1.077714 3.343200 5.787872
v 1.601504 3.343200 5.787872
v -1.077714 0.316645 5.787872
v 1.601504 0.316645 5.787872
v -1.078923 0.316645 5.603943
v -1.078923 3.343200 5.603943
v 1.600296 3.343200 5.603943
v 1.600296 0.316645 5.603943
v 5.043173 0.316645 5.787872
v 7.722392 0.316645 5.787872
v 5.043173 3.343200 5.787872
v 7.722392 3.343200 5.787872
v 5.041965 0.316645 5.603943
v 7.721183 0.316645 5.603943
v 5.041965 3.343200 5.603943
v 7.721183 3.343200 5.603943
vn -0.0000 1.0000 -0.0000
vn -0.0000 -0.0000 1.0000
vn -1.0000 -0.0000 -0.0000
vn -0.0000 -1.0000 -0.0000
vn 1.0000 -0.0000 -0.0000
vn -0.0000 -0.0000 -1.0000
vn -1.0000 -0.0000 0.0066
vn 1.0000 -0.0000 -0.0066
vt 1.020867 0.195678
vt -0.518712 0.191970
vt -0.517548 -1.347608
vt 1.022030 -1.343900
vt 1.023193 -2.883478
vt 2.562772 -2.879769
vt 2.013614 -2.635378
vt 1.234322 -2.637256
vt 1.233810 -1.959521
vt 1.234098 -2.340599
vt 2.013390 -2.338722
vt 2.561609 -1.340191
vt 1.233586 -1.662864
vt 2.012878 -1.660986
vt 2.013103 -1.957643
vt 2.558119 3.278543
vt 1.018541 3.274835
vt 1.019704 1.735257
vt 2.559282 1.738966
vt 4.100024 0.203096
vt 2.560445 0.199387
vt 4.101187 -1.336482
vt 2.010496 1.492064
vt 1.231204 1.490187
vt 1.231940 0.515794
vt 1.231716 0.812451
vt 1.231428 1.193529
vt 2.010720 1.195407
vt 2.011008 0.814328
vt 2.011231 0.517671
vt 1.626373 1.736718
vt 1.342930 1.736035
vt 1.341767 3.275614
vt 1.625210 3.276295
vt 2.559284 1.736681
vt 1.020866 0.197098
vt 1.020866 0.196404
vt 2.559285 1.735986
vt 1.600417 0.197075
vt 1.601580 -1.342503
vt 1.318138 -1.343186
vt 1.316975 0.196392
vt 2.562770 -2.877483
vt 2.562769 -2.876789
vt 1.318154 -1.343186
vt 1.601526 -1.342503
s 0
usemtl Material.003
f 85/161/33 89/162/33 91/163/33 87/164/33
f 91/165/34 92/166/34 95/167/34 93/168/34
f 103/169/34 94/170/34 96/171/34 95/167/34 92/166/34 88/172/34 87/164/34 104/173/34 102/174/34 101/175/34
f 104/173/34 87/164/34 91/165/34 93/168/34 94/170/34 103/169/34
f 92/176/35 91/177/35 89/178/35 90/179/35
f 90/180/36 86/181/36 88/172/36 92/182/36
f 86/181/37 85/161/37 87/164/37 88/172/37
f 97/183/38 90/179/38 89/178/38 98/184/38
f 89/178/38 85/161/38 108/185/38 107/186/38 99/187/38 98/184/38
f 85/161/38 86/181/38 90/179/38 97/183/38 100/188/38 99/187/38 107/186/38 105/189/38 106/190/38 108/185/38
f 94/191/39 99/192/39 100/193/39 96/194/39
f 94/195/36 93/196/36 98/197/36 99/198/36
f 93/199/40 95/200/40 97/201/40 98/202/40
f 97/201/33 95/200/33 96/203/33 100/204/33
f 104/191/39 108/192/39 106/193/39 102/194/39
f 104/195/36 103/196/36 107/197/36 108/198/36
f 103/199/40 101/200/40 105/201/40 107/202/40
f 105/205/33 101/206/33 102/203/33 106/204/33
o Door
v -3.027563 0.624793 -0.900853
v -3.108125 0.626761 -0.892173
v -3.026691 0.626592 -0.893164
v -3.107253 0.628561 -0.884484
v -3.025834 0.626848 -0.885270
v -3.106396 0.628817 -0.876590
v -3.025026 0.625551 -0.877474
v -3.105588 0.627519 -0.868794
v -3.024297 0.622749 -0.870076
v -3.104859 0.624718 -0.861396
v -3.023676 0.618552 -0.863359
v -3.104238 0.620520 -0.854679
v -3.023186 0.613120 -0.857583
v -3.103748 0.615088 -0.848903
v -3.022847 0.606662 -0.852968
v -3.103409 0.608630 -0.844288
v -3.022671 0.599426 -0.849693
v -3.103233 0.601395 -0.841013
v -3.022665 0.591691 -0.847883
v -3.103227 0.593659 -0.839203
v -3.022829 0.583753 -0.847608
v -3.103391 0.585721 -0.838928
v -3.023157 0.575917 -0.848878
v -3.103719 0.577885 -0.840198
v -3.023637 0.568485 -0.851645
v -3.104199 0.570454 -0.842965
v -3.024250 0.561743 -0.855801
v -3.104812 0.563711 -0.847122
v -3.024971 0.555949 -0.861189
v -3.105534 0.557917 -0.852509
v -3.025775 0.551326 -0.867599
v -3.106337 0.553294 -0.858920
v -3.026630 0.548052 -0.874787
v -3.107192 0.550020 -0.866107
v -3.027502 0.546252 -0.882476
v -3.108064 0.548220 -0.873796
v -3.028359 0.545996 -0.890370
v -3.108921 0.547964 -0.881690
v -3.029167 0.547294 -0.898166
v -3.109729 0.549262 -0.889486
v -3.029896 0.550095 -0.905564
v -3.110458 0.552063 -0.896885
v -3.030517 0.554292 -0.912281
v -3.111079 0.556261 -0.903601
v -3.031006 0.559724 -0.918057
v -3.111568 0.561693 -0.909378
v -3.031346 0.566182 -0.922672
v -3.111908 0.568151 -0.913992
v -3.031522 0.573418 -0.925947
v -3.112084 0.575386 -0.917267
v -3.031528 0.581154 -0.927757
v -3.112090 0.583122 -0.919077
v -3.031363 0.589092 -0.928032
v -3.111926 0.591060 -0.919353
v -3.031035 0.596927 -0.926762
v -3.111597 0.598896 -0.918082
v -3.030556 0.604359 -0.923996
v -3.111118 0.606327 -0.915316
v -3.029943 0.611101 -0.919839
v -3.110505 0.613070 -0.911159
v -3.029221 0.616895 -0.914451
v -3.109783 0.618864 -0.905772
v -3.028417 0.621518 -0.908041
v -3.108979 0.623487 -0.899361
v -3.174593 0.676922 -0.911643
v -3.174593 0.671471 -0.929612
v -3.174593 0.650707 -0.960688
v -3.174593 0.619631 -0.981453
v -3.174593 0.601662 -0.986904
v -3.174593 0.564287 -0.986904
v -3.174593 0.529757 -0.972601
v -3.174593 0.503329 -0.946173
v -3.174593 0.494477 -0.929612
v -3.174593 0.489026 -0.911643
v -3.167442 0.676922 -0.910221
v -3.160565 0.671471 -0.926822
v -3.154228 0.662619 -0.942122
v -3.148673 0.650707 -0.955533
v -3.144114 0.636191 -0.966538
v -3.140727 0.619631 -0.974716
v -3.138641 0.601662 -0.979752
v -3.137937 0.582974 -0.981453
v -3.138641 0.564287 -0.979752
v -3.140727 0.546318 -0.974716
v -3.144114 0.529757 -0.966538
v -3.148673 0.515242 -0.955533
v -3.154228 0.503329 -0.942122
v -3.160565 0.494477 -0.926822
v -3.167442 0.489026 -0.910221
v -3.161379 0.676922 -0.906170
v -3.148673 0.671471 -0.918876
v -3.136963 0.662619 -0.930586
v -3.126699 0.650707 -0.940850
v -3.118275 0.636191 -0.949273
v -3.112016 0.619631 -0.955533
v -3.108162 0.601662 -0.959387
v -3.106860 0.582974 -0.960688
v -3.108162 0.564287 -0.959387
v -3.112016 0.546318 -0.955533
v -3.118275 0.529757 -0.949273
v -3.126699 0.515242 -0.940850
v -3.136963 0.503329 -0.930586
v -3.148673 0.494477 -0.918876
v -3.161379 0.489026 -0.906170
v -3.157328 0.676922 -0.900107
v -3.140727 0.671471 -0.906984
v -3.125427 0.662619 -0.913321
v -3.112016 0.650707 -0.918876
v -3.101011 0.636191 -0.923435
v -3.092833 0.619631 -0.926822
v -3.087797 0.601662 -0.928908
v -3.086096 0.582974 -0.929612
v -3.087797 0.564287 -0.928908
v -3.092833 0.546318 -0.926822
v -3.101011 0.529757 -0.923435
v -3.112016 0.515242 -0.918876
v -3.125427 0.503329 -0.913321
v -3.140727 0.494477 -0.906984
v -3.157328 0.489026 -0.900107
v -3.155906 0.676922 -0.892956
v -3.137937 0.671471 -0.892956
v -3.121376 0.662619 -0.892956
v -3.106860 0.650707 -0.892956
v -3.094948 0.636191 -0.892956
v -3.086096 0.619631 -0.892956
v -3.080645 0.601662 -0.892956
v -3.078805 0.582974 -0.892956
v -3.080645 0.564287 -0.892956
v -3.086096 0.546318 -0.892956
v -3.094948 0.529757 -0.892956
v -3.106860 0.515242 -0.892956
v -3.121376 0.503329 -0.892956
v -3.137937 0.494477 -0.892956
v -3.155906 0.489026 -0.892956
v -3.157328 0.676922 -0.885804
v -3.140727 0.671471 -0.878928
v -3.125427 0.662619 -0.872590
v -3.112016 0.650707 -0.867036
v -3.101011 0.636191 -0.862477
v -3.092833 0.619631 -0.859089
v -3.087797 0.601662 -0.857003
v -3.086096 0.582974 -0.856299
v -3.087797 0.564287 -0.857003
v -3.092833 0.546318 -0.859089
v -3.101011 0.529757 -0.862477
v -3.112016 0.515242 -0.867036
v -3.125427 0.503329 -0.872590
v -3.140727 0.494477 -0.878928
v -3.157328 0.489026 -0.885804
v -3.161379 0.676922 -0.879742
v -3.148673 0.671471 -0.867036
v -3.136963 0.662619 -0.855325
v -3.126699 0.650707 -0.845062
v -3.118276 0.636191 -0.836638
v -3.112016 0.619631 -0.830379
v -3.108162 0.601662 -0.826524
v -3.106860 0.582974 -0.825223
v -3.108162 0.564287 -0.826524
v -3.112016 0.546318 -0.830379
v -3.118276 0.529757 -0.836638
v -3.126699 0.515242 -0.845061
v -3.136963 0.503329 -0.855325
v -3.148673 0.494477 -0.867036
v -3.161379 0.489026 -0.879742
v -3.167442 0.676922 -0.875691
v -3.160565 0.671471 -0.859089
v -3.154228 0.662619 -0.843789
v -3.148673 0.650707 -0.830379
v -3.144114 0.636191 -0.819373
v -3.140727 0.619631 -0.811195
v -3.138641 0.601662 -0.806159
v -3.137937 0.582974 -0.804459
v -3.138641 0.564287 -0.806159
v -3.140727 0.546318 -0.811195
v -3.144114 0.529757 -0.819373
v -3.148673 0.515242 -0.830379
v -3.154228 0.503329 -0.843789
v -3.160565 0.494477 -0.859089
v -3.167442 0.489026 -0.875691
v -3.174593 0.676922 -0.874268
v -3.174593 0.671471 -0.856299
v -3.174593 0.662619 -0.839739
v -3.174593 0.650707 -0.825223
v -3.174593 0.636191 -0.813311
v -3.174593 0.619631 -0.804459
v -3.174593 0.601662 -0.799008
v -3.174593 0.582974 -0.797167
v -3.174593 0.564287 -0.799008
v -3.174593 0.546318 -0.804459
v -3.174593 0.529757 -0.813311
v -3.174593 0.515242 -0.825223
v -3.174593 0.503329 -0.839738
v -3.174593 0.494477 -0.856299
v -3.174593 0.489026 -0.874268
v -3.181745 0.676922 -0.875691
v -3.188621 0.671471 -0.859089
v -3.194958 0.662619 -0.843789
v -3.200513 0.650707 -0.830379
v -3.205072 0.636191 -0.819373
v -3.208460 0.619631 -0.811195
v -3.210546 0.601662 -0.806159
v -3.211250 0.582974 -0.804459
v -3.210546 0.564287 -0.806159
v -3.208460 0.546318 -0.811195
v -3.205072 0.529757 -0.819373
v -3.200513 0.515242 -0.830379
v -3.194958 0.503329 -0.843789
v -3.188621 0.494477 -0.859089
v -3.181745 0.489026 -0.875691
v -3.174593 0.487186 -0.892956
v -3.187807 0.676922 -0.879742
v -3.200513 0.671471 -0.867036
v -3.212224 0.662619 -0.855326
v -3.222487 0.650707 -0.845062
v -3.230911 0.636191 -0.836638
v -3.237170 0.619631 -0.830379
v -3.241024 0.601662 -0.826525
v -3.242326 0.582974 -0.825223
v -3.241024 0.564287 -0.826525
v -3.237170 0.546318 -0.830379
v -3.230911 0.529757 -0.836638
v -3.222487 0.515242 -0.845062
v -3.212224 0.503329 -0.855326
v -3.200513 0.494477 -0.867036
v -3.187807 0.489026 -0.879742
v -3.191858 0.676922 -0.885804
v -3.208460 0.671471 -0.878928
v -3.223759 0.662619 -0.872590
v -3.237170 0.650707 -0.867036
v -3.248176 0.636191 -0.862477
v -3.256354 0.619631 -0.859089
v -3.261390 0.601662 -0.857003
v -3.263090 0.582974 -0.856299
v -3.261390 0.564287 -0.857003
v -3.256354 0.546318 -0.859089
v -3.248176 0.529757 -0.862477
v -3.237170 0.515242 -0.867036
v -3.223759 0.503329 -0.872590
v -3.208460 0.494477 -0.878928
v -3.191858 0.489026 -0.885804
v -3.174593 0.678763 -0.892956
v -3.193280 0.676922 -0.892956
v -3.211250 0.671471 -0.892956
v -3.227810 0.662619 -0.892956
v -3.242326 0.650707 -0.892956
v -3.254238 0.636191 -0.892956
v -3.263090 0.619631 -0.892956
v -3.268541 0.601662 -0.892956
v -3.270382 0.582974 -0.892956
v -3.268541 0.564287 -0.892956
v -3.263090 0.546318 -0.892956
v -3.254238 0.529757 -0.892956
v -3.242326 0.515242 -0.892956
v -3.227810 0.503329 -0.892956
v -3.211250 0.494477 -0.892956
v -3.193280 0.489026 -0.892956
v -3.191858 0.676922 -0.900107
v -3.208460 0.671471 -0.906984
v -3.223759 0.662619 -0.913321
v -3.237170 0.650707 -0.918876
v -3.248176 0.636191 -0.923435
v -3.256354 0.619631 -0.926822
v -3.261390 0.601662 -0.928908
v -3.263090 0.582974 -0.929612
v -3.261390 0.564287 -0.928908
v -3.256354 0.546318 -0.926822
v -3.248176 0.529757 -0.923435
v -3.237170 0.515242 -0.918876
v -3.223759 0.503329 -0.913321
v -3.208459 0.494477 -0.906984
v -3.191858 0.489026 -0.900107
v -3.187807 0.676922 -0.906170
v -3.200513 0.671471 -0.918876
v -3.212224 0.662619 -0.930586
v -3.222487 0.650707 -0.940850
v -3.230911 0.636191 -0.949273
v -3.237170 0.619631 -0.955533
v -3.241024 0.601662 -0.959387
v -3.242326 0.582974 -0.960688
v -3.241024 0.564287 -0.959387
v -3.237170 0.546318 -0.955533
v -3.230911 0.529757 -0.949273
v -3.222487 0.515242 -0.940850
v -3.212224 0.503329 -0.930586
v -3.200513 0.494477 -0.918876
v -3.187807 0.489026 -0.906170
v -3.181745 0.676922 -0.910221
v -3.188621 0.671471 -0.926822
v -3.194958 0.662619 -0.942122
v -3.200513 0.650707 -0.955533
v -3.205072 0.636191 -0.966538
v -3.208459 0.619631 -0.974716
v -3.210546 0.601662 -0.979752
v -3.211250 0.582974 -0.981453
v -3.210546 0.564287 -0.979752
v -3.208459 0.546318 -0.974716
v -3.205072 0.529757 -0.966538
v -3.200513 0.515242 -0.955533
v -3.194958 0.503329 -0.942122
v -3.188621 0.494477 -0.926822
v -3.181745 0.489026 -0.910221
v -3.174593 0.662619 -0.946173
v -3.174593 0.636191 -0.972601
v -3.174593 0.582974 -0.988744
v -3.174593 0.546318 -0.981453
v -3.174593 0.515242 -0.960688
v -3.106734 -1.161520 -1.231782
v -3.106734 -0.423708 -1.231782
v -3.106734 -1.161520 -1.969594
v -3.106734 -0.423708 -1.969594
v -3.029746 -1.155469 -1.225797
v -3.029746 -0.417657 -1.225797
v -3.029746 -1.155470 -1.963609
v -3.029746 -0.417657 -1.963609
v -3.121536 0.603504 -1.231782
v -3.121536 0.603505 -1.969594
v -3.044548 0.609555 -1.225797
v -3.044548 0.609555 -1.963609
v -2.871615 -1.143354 -1.272131
v -2.871615 -0.405542 -1.272131
v -2.871615 -1.143354 -2.009943
v -2.871615 -0.405542 -2.009943
v -2.794627 -1.137303 -1.266146
v -2.794627 -0.399491 -1.266146
v -2.794627 -1.137303 -2.003958
v -2.794627 -0.399491 -2.003958
v -2.886418 0.621671 -1.272131
v -2.886418 0.621671 -2.009943
v -2.809430 0.627722 -1.266146
v -2.809430 0.627722 -2.003958
v -3.116679 0.820927 -1.256896
v -3.116679 1.558739 -1.256896
v -3.116680 0.820927 -1.994708
v -3.116679 1.558739 -1.994708
v -3.039692 0.826978 -1.250911
v -3.039692 1.564790 -1.250911
v -3.039692 0.826978 -1.988723
v -3.039692 1.564790 -1.988723
v -3.131482 2.585952 -1.256896
v -3.131482 2.585952 -1.994708
v -3.054494 2.592003 -1.250911
v -3.054494 2.592003 -1.988723
v -2.866258 0.916357 -1.213038
v -2.866258 1.654169 -1.213038
v -2.866258 0.916357 -1.950850
v -2.866258 1.654169 -1.950850
v -2.789270 0.922408 -1.207053
v -2.789270 1.660220 -1.207053
v -2.789270 0.922408 -1.944865
v -2.789270 1.660220 -1.944865
v -2.881061 2.681382 -1.213038
v -2.881061 2.681382 -1.950850
v -2.804073 2.687433 -1.207053
v -2.804073 2.687433 -1.944865
v -3.054420 -1.758515 -0.597230
v -3.056657 0.265016 -0.599761
v -3.055744 -1.760976 -2.623211
v -3.047129 0.265016 -2.629390
v -2.844834 -1.748336 -0.583294
v -2.844834 0.281664 -0.583294
v -2.844834 -1.748336 -2.613294
v -2.844834 0.281664 -2.613294
v -3.097384 3.091268 -0.599761
v -3.097384 3.091268 -2.629761
v -2.885561 3.107915 -0.583294
v -2.899756 3.092139 -2.627392
v -3.093359 2.811968 -2.629761
v -3.084123 2.171055 -2.629761
v -3.065194 1.378289 -2.629549
v -3.063933 0.753787 -2.630171
v -2.894318 2.813870 -2.625997
v -3.062783 0.690183 -0.599761
v -3.074389 1.309009 -0.606048
v -3.083849 2.152016 -0.599761
v -3.093386 2.813801 -0.599761
v -3.056657 -0.026708 -2.629761
v -3.056657 -0.789728 -2.629761
v -3.038070 -1.239460 -2.631116
v -3.093361 2.812113 -2.469835
v -3.129662 2.718200 -2.208254
v -3.129665 2.718413 -1.973340
v -3.129670 2.718714 -1.639201
v -3.129672 2.718897 -1.436837
v -3.102247 2.818845 -1.037420
v -3.093384 2.813681 -0.732695
v -3.083867 2.153286 -0.735205
v -3.093716 2.129356 -1.058676
v -3.083955 2.159380 -1.384926
v -3.083984 2.161360 -1.595992
v -3.084028 2.164459 -1.926515
v -3.068136 2.166609 -2.186359
v -3.084101 2.169519 -2.466017
v -3.097384 3.091268 -0.731640
v -3.097384 3.091268 -1.062742
v -3.097384 3.091268 -1.400591
v -3.097384 3.091268 -1.599257
v -3.097384 3.091268 -1.934956
v -3.097384 3.091268 -2.172364
v -3.097384 3.091268 -2.471494
v -3.065143 1.374768 -2.460876
v -3.065047 1.368078 -2.140431
v -3.064980 1.363449 -1.918692
v -3.064882 1.356647 -1.592832
v -3.064815 1.352007 -1.370559
v -3.064717 1.345157 -1.042406
v -3.074431 1.311904 -0.744720
v -3.056657 -1.423918 -0.599761
v -3.056657 -0.656365 -0.599761
v -3.056657 -0.094143 -0.599761
v -3.062863 0.694599 -0.740754
v -3.063030 0.703841 -1.035774
v -3.063214 0.714018 -1.360644
v -3.063345 0.721233 -1.590950
v -3.063527 0.731336 -1.913477
v -3.070492 0.733755 -2.113752
v -3.063836 0.748381 -2.457579
v -3.056657 -1.764984 -2.443594
v -3.056657 -1.764984 -2.086773
v -3.056657 -1.764984 -1.893579
v -3.056657 -1.764984 -1.586221
v -3.056657 -1.764984 -1.323710
v -3.037851 -1.599233 -1.014876
v -3.056657 -1.764983 -0.757147
v -3.056657 0.265016 -0.742383
v -3.056657 0.265016 -1.030805
v -3.056657 0.265016 -1.353082
v -3.047129 0.265016 -1.588961
v -3.047129 0.265016 -1.908845
v -3.047129 0.265016 -2.120993
v -3.047129 0.265016 -2.454329
v -3.038070 -1.256123 -2.447732
v -3.056657 -0.043772 -2.116103
v -3.056657 -1.334222 -1.586881
v -3.056657 -0.079920 -1.027914
v -3.056657 -1.357600 -1.329604
v -3.056657 -0.050725 -1.906784
v -3.056657 -1.409851 -0.754564
v -3.056657 -0.089319 -0.744960
v -3.056657 -0.684160 -1.022850
v -3.056657 -0.069279 -1.348245
v -3.056657 -0.061287 -1.588832
v -3.056657 -0.741881 -1.901460
v -3.056657 -0.755186 -2.103980
v -3.056657 -0.032578 -2.453072
v -3.056657 -0.777852 -2.448994
v -3.038070 -1.288061 -2.096255
v -3.038070 -1.306032 -1.898469
v -3.056657 -0.721276 -1.587821
v -3.056657 -0.704933 -1.339048
v -3.056657 -1.386008 -1.016968
v -3.056657 -0.666179 -0.749156
v -3.057140 -1.764984 -0.926611
v -3.056861 -1.764984 -0.828933
v -3.057092 -1.605904 -1.018905
v -3.056988 -1.553294 -1.018441
v -3.056966 -1.764984 -1.198658
v -3.057173 -1.764984 -1.114723
v -3.058040 -1.749890 -0.989991
v -3.055691 -1.761722 -1.048466
vn -0.0008 0.9737 -0.2278
vn 0.0207 0.9992 -0.0346
vn 0.0413 0.9863 0.1599
vn 0.0604 0.9355 0.3482
vn 0.0771 0.8487 0.5232
vn 0.0909 0.7293 0.6781
vn 0.1012 0.5819 0.8069
vn 0.1075 0.4121 0.9048
vn 0.1098 0.2265 0.9678
vn 0.1078 0.0322 0.9936
vn 0.1017 -0.1633 0.9813
vn 0.0917 -0.3526 0.9313
vn 0.0782 -0.5283 0.8454
vn 0.0616 -0.6837 0.7271
vn 0.0427 -0.8129 0.5808
vn 0.0222 -0.9108 0.4123
vn 0.0008 -0.9737 0.2278
vn -0.0207 -0.9992 0.0346
vn -0.0413 -0.9863 -0.1599
vn -0.0604 -0.9355 -0.3482
vn -0.0771 -0.8487 -0.5232
vn -0.0909 -0.7293 -0.6781
vn -0.1012 -0.5819 -0.8069
vn -0.1075 -0.4121 -0.9048
vn -0.1098 -0.2265 -0.9678
vn -0.1078 -0.0322 -0.9936
vn -0.1017 0.1633 -0.9813
vn -0.0917 0.3526 -0.9313
vn -0.0782 0.5283 -0.8454
vn -0.0616 0.6837 -0.7271
vn -0.9940 0.0243 0.1071
vn -0.0427 0.8129 -0.5808
vn -0.0222 0.9108 -0.4123
vn 0.9940 -0.0243 -0.1071
vn 0.1252 0.7669 -0.6294
vn 0.1520 -0.6270 -0.7640
vn 0.1520 0.6270 -0.7640
vn 0.1252 -0.7669 -0.6294
vn 0.1728 0.4643 -0.8687
vn 0.0934 -0.8781 -0.4693
vn 0.1870 0.2852 -0.9401
vn 0.0576 -0.9553 -0.2898
vn 0.1942 0.0962 -0.9762
vn 0.0195 0.9950 -0.0980
vn 0.0195 -0.9950 -0.0980
vn 0.1942 -0.0962 -0.9762
vn 0.0576 0.9553 -0.2898
vn 0.1870 -0.2852 -0.9401
vn 0.0934 0.8781 -0.4693
vn 0.1728 -0.4643 -0.8687
vn 0.2659 0.8781 -0.3979
vn 0.4921 -0.4643 -0.7364
vn 0.3565 0.7669 -0.5336
vn 0.4328 -0.6270 -0.6477
vn 0.4328 0.6270 -0.6477
vn 0.3565 -0.7669 -0.5336
vn 0.4921 0.4643 -0.7364
vn 0.2659 -0.8781 -0.3979
vn 0.5325 0.2852 -0.7969
vn 0.1642 -0.9553 -0.2457
vn 0.5530 0.0962 -0.8276
vn 0.0555 0.9950 -0.0831
vn 0.0555 -0.9950 -0.0831
vn 0.5530 -0.0962 -0.8276
vn 0.1642 0.9553 -0.2457
vn 0.5325 -0.2852 -0.7969
vn 0.7969 0.2852 -0.5325
vn 0.2457 -0.9553 -0.1642
vn 0.8276 0.0962 -0.5530
vn 0.0831 0.9950 -0.0555
vn 0.0831 -0.9950 -0.0555
vn 0.8276 -0.0962 -0.5530
vn 0.2457 0.9553 -0.1642
vn 0.7969 -0.2852 -0.5325
vn 0.3979 0.8781 -0.2659
vn 0.7364 -0.4643 -0.4921
vn 0.5336 0.7669 -0.3565
vn 0.6477 -0.6270 -0.4328
vn 0.6477 0.6270 -0.4328
vn 0.5336 -0.7669 -0.3565
vn 0.7364 0.4643 -0.4921
vn 0.3979 -0.8781 -0.2659
vn 0.8687 -0.4643 -0.1728
vn 0.6294 0.7669 -0.1252
vn 0.7640 -0.6270 -0.1520
vn 0.7640 0.6270 -0.1520
vn 0.6294 -0.7669 -0.1252
vn 0.8687 0.4643 -0.1728
vn 0.4693 -0.8781 -0.0934
vn 0.9401 0.2852 -0.1870
vn 0.2898 -0.9553 -0.0576
vn 0.9762 0.0962 -0.1942
vn 0.0980 0.9950 -0.0195
vn 0.0980 -0.9950 -0.0195
vn 0.9762 -0.0962 -0.1942
vn 0.2898 0.9553 -0.0576
vn 0.9401 -0.2852 -0.1870
vn 0.4693 0.8781 -0.0934
vn 0.2898 -0.9553 0.0576
vn 0.9762 0.0962 0.1942
vn 0.0980 0.9950 0.0195
vn 0.0980 -0.9950 0.0195
vn 0.9762 -0.0962 0.1942
vn 0.2898 0.9553 0.0576
vn 0.9401 -0.2852 0.1870
vn 0.4693 0.8781 0.0934
vn 0.8687 -0.4643 0.1728
vn 0.6294 0.7669 0.1252
vn 0.7640 -0.6270 0.1520
vn 0.7640 0.6270 0.1520
vn 0.6294 -0.7669 0.1252
vn 0.8687 0.4643 0.1728
vn 0.4693 -0.8781 0.0934
vn 0.9401 0.2852 0.1870
vn 0.5336 0.7669 0.3565
vn 0.6477 -0.6270 0.4328
vn 0.6477 0.6270 0.4328
vn 0.5336 -0.7669 0.3565
vn 0.7364 0.4643 0.4921
vn 0.3979 -0.8781 0.2659
vn 0.7969 0.2852 0.5325
vn 0.2457 -0.9553 0.1642
vn 0.8276 0.0962 0.5530
vn 0.0831 0.9950 0.0555
vn 0.0831 -0.9950 0.0555
vn 0.8276 -0.0962 0.5530
vn 0.2457 0.9553 0.1642
vn 0.7969 -0.2852 0.5325
vn 0.3979 0.8781 0.2659
vn 0.7364 -0.4643 0.4921
vn 0.5530 0.0962 0.8276
vn 0.0555 0.9950 0.0831
vn 0.0555 -0.9950 0.0831
vn 0.5530 -0.0962 0.8276
vn 0.1642 0.9553 0.2457
vn 0.5325 -0.2852 0.7969
vn 0.2659 0.8781 0.3979
vn 0.4921 -0.4643 0.7364
vn 0.3565 0.7669 0.5336
vn 0.4328 -0.6270 0.6477
vn 0.4328 0.6270 0.6477
vn 0.3565 -0.7669 0.5336
vn 0.4921 0.4643 0.7364
vn 0.2659 -0.8781 0.3979
vn 0.5325 0.2852 0.7969
vn 0.1642 -0.9553 0.2457
vn 0.1520 -0.6270 0.7640
vn 0.1520 0.6270 0.7640
vn 0.1252 -0.7669 0.6294
vn 0.1728 0.4643 0.8687
vn 0.0934 -0.8781 0.4693
vn 0.1870 0.2852 0.9401
vn 0.0576 -0.9553 0.2898
vn 0.1942 0.0962 0.9762
vn 0.0195 0.9950 0.0980
vn 0.0195 -0.9950 0.0980
vn 0.1942 -0.0962 0.9762
vn 0.0576 0.9553 0.2898
vn 0.1870 -0.2852 0.9401
vn 0.0934 0.8781 0.4693
vn 0.1728 -0.4643 0.8687
vn 0.1252 0.7669 0.6294
vn -0.0195 -0.9950 0.0980
vn -0.1942 -0.0962 0.9762
vn -0.0576 0.9553 0.2898
vn -0.1870 -0.2852 0.9401
vn -0.0934 0.8781 0.4693
vn -0.1728 -0.4643 0.8687
vn -0.1252 0.7669 0.6294
vn -0.1520 -0.6270 0.7640
vn -0.1520 0.6270 0.7640
vn -0.1252 -0.7669 0.6294
vn -0.1728 0.4643 0.8687
vn -0.0934 -0.8781 0.4693
vn -0.1870 0.2852 0.9401
vn -0.0576 -0.9553 0.2898
vn -0.1942 0.0962 0.9762
vn -0.0195 0.9950 0.0980
vn -0.3565 -0.7669 0.5336
vn -0.4921 0.4643 0.7364
vn -0.2659 -0.8781 0.3979
vn -0.5325 0.2852 0.7969
vn -0.1642 -0.9553 0.2457
vn -0.5530 0.0962 0.8276
vn -0.0555 0.9950 0.0831
vn -0.0555 -0.9950 0.0831
vn -0.5530 -0.0962 0.8276
vn -0.1642 0.9553 0.2457
vn -0.5325 -0.2852 0.7969
vn -0.2659 0.8781 0.3979
vn -0.4921 -0.4643 0.7364
vn -0.3565 0.7669 0.5336
vn -0.4328 -0.6270 0.6477
vn -0.4328 0.6270 0.6477
vn -0.2457 0.9553 0.1642
vn -0.7969 -0.2852 0.5325
vn -0.3979 0.8781 0.2659
vn -0.7364 -0.4643 0.4921
vn -0.5336 0.7669 0.3565
vn -0.6477 -0.6270 0.4328
vn -0.6477 0.6270 0.4328
vn -0.5336 -0.7669 0.3565
vn -0.7364 0.4643 0.4921
vn -0.3979 -0.8781 0.2659
vn -0.7969 0.2852 0.5325
vn -0.2457 -0.9553 0.1642
vn -0.8276 0.0962 0.5530
vn -0.0831 0.9950 0.0555
vn -0.0831 -0.9950 0.0555
vn -0.8276 -0.0962 0.5530
vn -0.8687 0.4643 0.1728
vn -0.4693 -0.8781 0.0934
vn -0.9401 0.2852 0.1870
vn -0.2898 -0.9553 0.0576
vn -0.9762 0.0962 0.1942
vn -0.0980 0.9950 0.0195
vn -0.0980 -0.9950 0.0195
vn -0.9762 -0.0962 0.1942
vn -0.2898 0.9553 0.0576
vn -0.9401 -0.2852 0.1870
vn -0.4693 0.8781 0.0934
vn -0.8687 -0.4643 0.1728
vn -0.6294 0.7669 0.1252
vn -0.7640 -0.6270 0.1520
vn -0.7640 0.6270 0.1520
vn -0.6294 -0.7669 0.1252
vn -0.9401 -0.2852 -0.1870
vn -0.4693 0.8781 -0.0934
vn -0.8687 -0.4643 -0.1728
vn -0.6294 0.7669 -0.1252
vn -0.7640 -0.6270 -0.1520
vn -0.7640 0.6270 -0.1520
vn -0.6294 -0.7669 -0.1252
vn -0.8687 0.4643 -0.1728
vn -0.4693 -0.8781 -0.0934
vn -0.9401 0.2852 -0.1870
vn -0.2898 -0.9553 -0.0576
vn -0.9762 0.0962 -0.1942
vn -0.0980 0.9950 -0.0195
vn -0.0980 -0.9950 -0.0195
vn -0.9762 -0.0962 -0.1942
vn -0.2898 0.9553 -0.0576
vn -0.3979 -0.8781 -0.2659
vn -0.7969 0.2852 -0.5325
vn -0.2457 -0.9553 -0.1642
vn -0.8276 0.0962 -0.5530
vn -0.0831 0.9950 -0.0555
vn -0.0831 -0.9950 -0.0555
vn -0.8276 -0.0962 -0.5530
vn -0.2457 0.9553 -0.1642
vn -0.7969 -0.2852 -0.5325
vn -0.3979 0.8781 -0.2659
vn -0.7364 -0.4643 -0.4921
vn -0.5336 0.7669 -0.3565
vn -0.6477 -0.6270 -0.4328
vn -0.6477 0.6270 -0.4328
vn -0.5336 -0.7669 -0.3565
vn -0.7364 0.4643 -0.4921
vn -0.2659 0.8781 -0.3979
vn -0.4921 -0.4643 -0.7364
vn -0.3565 0.7669 -0.5336
vn -0.4328 -0.6270 -0.6477
vn -0.4328 0.6270 -0.6477
vn -0.3565 -0.7669 -0.5336
vn -0.4921 0.4643 -0.7364
vn -0.2659 -0.8781 -0.3979
vn -0.5325 0.2852 -0.7969
vn -0.1642 -0.9553 -0.2457
vn -0.5530 0.0962 -0.8276
vn -0.0555 0.9950 -0.0831
vn -0.0555 -0.9950 -0.0831
vn -0.5530 -0.0962 -0.8276
vn -0.1642 0.9553 -0.2457
vn -0.5325 -0.2852 -0.7969
vn -0.1870 0.2852 -0.9401
vn -0.0576 -0.9553 -0.2898
vn -0.1942 0.0962 -0.9762
vn -0.0195 0.9950 -0.0980
vn -0.0195 -0.9950 -0.0980
vn -0.1942 -0.0962 -0.9762
vn -0.0576 0.9553 -0.2898
vn -0.1870 -0.2852 -0.9401
vn -0.0934 0.8781 -0.4693
vn -0.1728 -0.4643 -0.8687
vn -0.1252 0.7669 -0.6294
vn -0.1520 -0.6270 -0.7640
vn -0.1520 0.6270 -0.7640
vn -0.1252 -0.7669 -0.6294
vn -0.1728 0.4643 -0.8687
vn -0.0934 -0.8781 -0.4693
vn -1.0000 -0.0000 -0.0000
vn 0.0775 -0.0000 -0.9970
vn 1.0000 -0.0000 -0.0000
vn -0.0775 -0.0000 0.9970
vn 0.0784 -0.9969 -0.0000
vn 0.9999 0.0144 -0.0000
vn -0.0784 0.9969 -0.0000
vn -0.9999 -0.0144 -0.0000
vn -0.0774 -0.0011 0.9970
vn 0.0774 0.0011 -0.9970
vn -0.0783 0.9969 -0.0000
vn -1.0000 -0.0032 0.0070
vn 0.0770 -0.0016 -0.9970
vn -0.0766 0.0006 0.9971
vn 0.0633 -0.9980 -0.0001
vn 0.9998 0.0170 -0.0035
vn -0.0426 0.9991 -0.0037
vn -0.9994 -0.0345 -0.0003
vn -0.0847 -0.0012 0.9964
vn 0.0499 -0.0016 -0.9988
vn 0.0155 -0.0022 -0.9999
vn -1.0000 -0.0021 0.0004
vn -0.9997 -0.0239 -0.0001
vn -0.9991 -0.0420 -0.0107
vn -0.9990 -0.0425 0.0166
vn -0.9994 -0.0353 -0.0003
vn -0.9995 -0.0254 -0.0205
vn -0.9999 -0.0146 0.0001
vn -0.9999 -0.0145 0.0001
vn -0.9999 -0.0144 0.0001
vn -0.9999 0.0030 -0.0098
vn -0.9999 0.0036 0.0167
vn -1.0000 -0.0024 0.0004
vn -1.0000 -0.0025 0.0004
vn -1.0000 -0.0026 0.0004
vn -0.9998 -0.0107 -0.0169
vn -0.9998 -0.0187 -0.0001
vn -0.9996 -0.0130 0.0265
vn -0.9993 -0.0149 -0.0331
vn -0.9997 -0.0238 -0.0001
vn -0.9997 -0.0237 -0.0001
vn -0.9994 -0.0305 -0.0165
vn -0.9997 -0.0236 -0.0001
vn -0.9999 -0.0112 -0.0000
vn -1.0000 0.0008 0.0011
vn -0.1393 -0.1858 0.9727
vn -0.9994 0.0207 -0.0291
vn -0.9992 0.0397 0.0018
vn -0.9993 0.0377 0.0017
vn -0.9994 0.0352 -0.0005
vn -0.9992 -0.0400 -0.0005
vn -0.9995 0.0323 0.0005
vn -0.9995 0.0314 0.0005
vn -0.9995 0.0305 0.0005
vn -0.9996 0.0297 0.0005
vn -0.9997 0.0143 -0.0198
vn -0.9993 -0.0367 -0.0005
vn -0.9994 -0.0339 -0.0004
vn -0.9994 -0.0159 -0.0299
vn -0.9970 -0.0601 -0.0482
vn -0.9946 -0.0984 -0.0323
vn -0.9966 -0.0819 -0.0003
vn -0.9967 -0.0816 -0.0003
vn -0.9987 -0.0427 0.0284
vn -0.9994 -0.0139 0.0302
vn -0.9973 0.0462 -0.0568
vn -0.9963 0.0862 -0.0000
vn -0.9963 0.0863 -0.0000
vn -0.9963 0.0864 -0.0000
vn -0.9979 0.0570 0.0294
vn -0.9999 0.0022 0.0140
vn -1.0000 0.0020 0.0029
vn -0.9998 0.0099 0.0166
vn -1.0000 0.0020 -0.0025
vn -1.0000 0.0008 -0.0009
vn -0.9996 -0.0134 0.0230
vn 0.2643 -0.1915 -0.9452
vt 0.424330 0.716576
vt 0.424330 0.704833
vt 0.425473 0.704835
vt 0.425473 0.716578
vt 0.426621 0.704834
vt 0.426621 0.716576
vt 0.427727 0.704828
vt 0.427727 0.716570
vt 0.428751 0.704818
vt 0.428751 0.716560
vt 0.429652 0.704804
vt 0.429652 0.716547
vt 0.439371 0.716536
vt 0.439371 0.704802
vt 0.440169 0.704836
vt 0.440169 0.716571
vt 0.441114 0.704863
vt 0.441114 0.716598
vt 0.442170 0.704882
vt 0.442170 0.716617
vt 0.443294 0.704892
vt 0.443294 0.716627
vt 0.444445 0.704893
vt 0.444445 0.716628
vt 0.445578 0.704885
vt 0.445578 0.716620
vt 0.446650 0.704867
vt 0.446650 0.716602
vt 0.447619 0.704842
vt 0.447619 0.716576
vt 0.412315 0.716579
vt 0.412315 0.704836
vt 0.413193 0.704822
vt 0.413193 0.716564
vt 0.414200 0.704811
vt 0.414200 0.716554
vt 0.415296 0.704804
vt 0.415296 0.716547
vt 0.416440 0.704802
vt 0.416440 0.716544
vt 0.417587 0.704804
vt 0.417587 0.716546
vt 0.418694 0.704810
vt 0.418694 0.716552
vt 0.419717 0.704820
vt 0.419717 0.716562
vt 0.420619 0.704834
vt 0.420619 0.716576
vt 0.430382 0.716635
vt 0.430382 0.704903
vt 0.431190 0.704865
vt 0.431190 0.716596
vt 0.432143 0.704834
vt 0.432143 0.716566
vt 0.433204 0.704813
vt 0.433204 0.716545
vt 0.434331 0.704802
vt 0.434331 0.716534
vt 0.435483 0.704802
vt 0.435483 0.716533
vt 0.436613 0.704812
vt 0.436613 0.716544
vt 0.437680 0.704832
vt 0.437680 0.716564
vt 0.438641 0.704862
vt 0.438641 0.716594
vt 0.421348 0.716544
vt 0.421348 0.704802
vt 0.422227 0.704816
vt 0.422227 0.716558
vt 0.405205 0.704802
vt 0.406349 0.704802
vt 0.407471 0.705026
vt 0.408528 0.705466
vt 0.409479 0.706105
vt 0.410288 0.706919
vt 0.410924 0.707876
vt 0.411362 0.708939
vt 0.411585 0.710068
vt 0.411585 0.711220
vt 0.411362 0.712349
vt 0.410924 0.713413
vt 0.410288 0.714370
vt 0.409479 0.715184
vt 0.408528 0.715824
vt 0.407471 0.716265
vt 0.406349 0.716490
vt 0.405205 0.716490
vt 0.404083 0.716266
vt 0.403026 0.715826
vt 0.402074 0.715187
vt 0.401265 0.714373
vt 0.400630 0.713416
vt 0.400192 0.712353
vt 0.399969 0.711224
vt 0.399969 0.710073
vt 0.400192 0.708943
vt 0.400630 0.707880
vt 0.401265 0.706922
vt 0.402074 0.706108
vt 0.403026 0.705468
vt 0.404083 0.705027
vt 0.423233 0.704826
vt 0.423233 0.716569
vt 0.286789 0.704795
vt 0.287934 0.704796
vt 0.289057 0.705021
vt 0.290114 0.705462
vt 0.291066 0.706101
vt 0.291876 0.706916
vt 0.292512 0.707873
vt 0.292950 0.708937
vt 0.293173 0.710066
vt 0.293173 0.711217
vt 0.292950 0.712346
vt 0.292512 0.713409
vt 0.291876 0.714366
vt 0.291066 0.715180
vt 0.290114 0.715819
vt 0.289057 0.716260
vt 0.287934 0.716484
vt 0.286789 0.716484
vt 0.285666 0.716259
vt 0.284609 0.715818
vt 0.283657 0.715178
vt 0.282847 0.714364
vt 0.282211 0.713407
vt 0.281773 0.712343
vt 0.281550 0.711214
vt 0.281550 0.710063
vt 0.281773 0.708934
vt 0.282211 0.707870
vt 0.282847 0.706913
vt 0.283657 0.706099
vt 0.284609 0.705460
vt 0.285666 0.705020
vt 0.261320 0.715477
vt 0.263607 0.715487
vt 0.264191 0.718437
vt 0.262062 0.719232
vt 0.328424 0.724424
vt 0.328526 0.722275
vt 0.332881 0.722299
vt 0.332128 0.724444
vt 0.328501 0.706858
vt 0.328392 0.704802
vt 0.332096 0.704822
vt 0.332856 0.706881
vt 0.315990 0.715446
vt 0.317882 0.715460
vt 0.317140 0.719216
vt 0.315407 0.718396
vt 0.328582 0.709222
vt 0.333421 0.709248
vt 0.313753 0.715434
vt 0.313352 0.717467
vt 0.328634 0.711804
vt 0.333771 0.711832
vt 0.311257 0.715427
vt 0.311052 0.716463
vt 0.328655 0.714504
vt 0.333893 0.714532
vt 0.268815 0.715497
vt 0.271536 0.715497
vt 0.269020 0.716533
vt 0.308597 0.715422
vt 0.328643 0.717218
vt 0.333780 0.717246
vt 0.266138 0.715494
vt 0.266540 0.717526
vt 0.328599 0.719842
vt 0.333439 0.719868
vt 0.267684 0.719249
vt 0.265851 0.720938
vt 0.337423 0.719943
vt 0.336466 0.722366
vt 0.264176 0.722414
vt 0.335177 0.724501
vt 0.260237 0.719879
vt 0.262722 0.723621
vt 0.315026 0.722398
vt 0.313747 0.720897
vt 0.336441 0.706949
vt 0.337405 0.709323
vt 0.312208 0.719189
vt 0.338001 0.711911
vt 0.310469 0.717341
vt 0.338205 0.714613
vt 0.269603 0.717411
vt 0.338010 0.717325
vt 0.359483 0.711907
vt 0.360040 0.709302
vt 0.364214 0.709310
vt 0.363914 0.711916
vt 0.310496 0.720339
vt 0.309596 0.717927
vt 0.359294 0.714615
vt 0.363812 0.714624
vt 0.270476 0.717998
vt 0.359480 0.717323
vt 0.363911 0.717332
vt 0.269396 0.720399
vt 0.360035 0.719926
vt 0.364209 0.719934
vt 0.268336 0.722607
vt 0.360936 0.722324
vt 0.364693 0.722331
vt 0.267339 0.724539
vt 0.362150 0.724425
vt 0.365344 0.724431
vt 0.266442 0.726120
vt 0.311863 0.724523
vt 0.311261 0.722566
vt 0.360943 0.706901
vt 0.364700 0.706908
vt 0.369121 0.719938
vt 0.369114 0.722335
vt 0.271268 0.723192
vt 0.271070 0.725283
vt 0.369104 0.724434
vt 0.365353 0.704802
vt 0.369113 0.704805
vt 0.369121 0.706912
vt 0.308132 0.725267
vt 0.308330 0.723151
vt 0.369126 0.709315
vt 0.308476 0.720742
vt 0.369129 0.711921
vt 0.308567 0.718132
vt 0.369129 0.714629
vt 0.271506 0.718203
vt 0.369126 0.717336
vt 0.271415 0.720801
vt 0.306457 0.720335
vt 0.307537 0.717925
vt 0.374333 0.711921
vt 0.374435 0.714629
vt 0.272535 0.717996
vt 0.374331 0.717336
vt 0.273434 0.720395
vt 0.374023 0.719938
vt 0.274200 0.722603
vt 0.373526 0.722335
vt 0.274801 0.724533
vt 0.372856 0.724434
vt 0.372865 0.704805
vt 0.373533 0.706912
vt 0.304401 0.724516
vt 0.305398 0.722561
vt 0.374028 0.709315
vt 0.276685 0.720929
vt 0.277965 0.722403
vt 0.303504 0.726126
vt 0.299784 0.723621
vt 0.301238 0.722386
vt 0.376039 0.704802
vt 0.377264 0.706908
vt 0.302913 0.720887
vt 0.378175 0.709310
vt 0.304745 0.719183
vt 0.378735 0.711916
vt 0.306665 0.717337
vt 0.378923 0.714624
vt 0.273408 0.717408
vt 0.378732 0.717332
vt 0.275146 0.719243
vt 0.378170 0.719934
vt 0.377257 0.722331
vt 0.379653 0.714657
vt 0.379831 0.711947
vt 0.384433 0.711990
vt 0.384345 0.714702
vt 0.273991 0.716529
vt 0.306082 0.716458
vt 0.379826 0.717362
vt 0.384428 0.717406
vt 0.276290 0.717518
vt 0.380344 0.719958
vt 0.384679 0.719998
vt 0.278346 0.718426
vt 0.381186 0.722344
vt 0.385088 0.722380
vt 0.280078 0.719217
vt 0.297299 0.719875
vt 0.299124 0.719200
vt 0.381201 0.706923
vt 0.382340 0.704802
vt 0.385658 0.704833
vt 0.385103 0.706959
vt 0.301252 0.718384
vt 0.380354 0.709335
vt 0.384689 0.709376
vt 0.303601 0.717458
vt 0.385639 0.724460
vt 0.389553 0.722393
vt 0.389436 0.724471
vt 0.389455 0.704844
vt 0.389568 0.706972
vt 0.298382 0.715444
vt 0.300669 0.715433
vt 0.389650 0.709390
vt 0.303200 0.715425
vt 0.389700 0.712006
vt 0.305877 0.715422
vt 0.389715 0.714717
vt 0.274196 0.715493
vt 0.389695 0.717421
vt 0.276692 0.715485
vt 0.389640 0.720013
vt 0.278929 0.715475
vt 0.280820 0.715461
vt 0.306082 0.714386
vt 0.394945 0.714702
vt 0.394824 0.717406
vt 0.273991 0.714457
vt 0.276290 0.713453
vt 0.394472 0.719998
vt 0.278346 0.712524
vt 0.393901 0.722380
vt 0.280078 0.711706
vt 0.393135 0.724460
vt 0.393154 0.704833
vt 0.393916 0.706959
vt 0.299124 0.711689
vt 0.301252 0.712482
vt 0.394482 0.709376
vt 0.303601 0.713393
vt 0.394830 0.711990
vt 0.301238 0.708506
vt 0.302913 0.709982
vt 0.397487 0.706923
vt 0.398449 0.709335
vt 0.304745 0.711671
vt 0.399041 0.711947
vt 0.306665 0.713508
vt 0.399239 0.714657
vt 0.273408 0.713579
vt 0.399036 0.717362
vt 0.275146 0.711731
vt 0.398439 0.719958
vt 0.276685 0.710024
vt 0.397472 0.722344
vt 0.277965 0.708523
vt 0.297299 0.711042
vt 0.299784 0.707300
vt 0.396190 0.704802
vt 0.272535 0.712993
vt 0.273434 0.710581
vt 0.339686 0.719938
vt 0.339125 0.717333
vt 0.343542 0.717317
vt 0.343846 0.719924
vt 0.274200 0.708354
vt 0.340595 0.722341
vt 0.344339 0.722328
vt 0.274801 0.706398
vt 0.303504 0.704802
vt 0.304401 0.706382
vt 0.340583 0.706918
vt 0.341802 0.704819
vt 0.344986 0.704808
vt 0.344327 0.706905
vt 0.305398 0.708313
vt 0.339678 0.709315
vt 0.343838 0.709301
vt 0.306457 0.710521
vt 0.339121 0.711917
vt 0.343538 0.711902
vt 0.307537 0.712922
vt 0.338935 0.714624
vt 0.343438 0.714609
vt 0.348743 0.706898
vt 0.348745 0.709293
vt 0.308330 0.707728
vt 0.308476 0.710118
vt 0.348747 0.711893
vt 0.308567 0.712716
vt 0.348749 0.714600
vt 0.271506 0.712787
vt 0.348751 0.717309
vt 0.271415 0.710178
vt 0.348754 0.719916
vt 0.271268 0.707770
vt 0.348755 0.722321
vt 0.271070 0.705654
vt 0.345001 0.724437
vt 0.348757 0.724431
vt 0.348742 0.704802
vt 0.308132 0.705638
vt 0.353961 0.717309
vt 0.353661 0.719916
vt 0.269396 0.710584
vt 0.268336 0.708359
vt 0.353172 0.722321
vt 0.267339 0.706404
vt 0.352513 0.724431
vt 0.352498 0.704802
vt 0.353160 0.706898
vt 0.311863 0.706388
vt 0.311261 0.708318
vt 0.353653 0.709293
vt 0.310496 0.710524
vt 0.353957 0.711893
vt 0.309596 0.712923
vt 0.354061 0.714600
vt 0.270476 0.712994
vt 0.313747 0.709991
vt 0.312208 0.711677
vt 0.357813 0.709301
vt 0.358373 0.711902
vt 0.310469 0.713511
vt 0.358564 0.714609
vt 0.269603 0.713582
vt 0.358378 0.717317
vt 0.267684 0.711737
vt 0.357821 0.719924
vt 0.265851 0.710033
vt 0.356916 0.722328
vt 0.264176 0.708534
vt 0.355697 0.724437
vt 0.266442 0.704796
vt 0.262722 0.707300
vt 0.315026 0.708518
vt 0.356904 0.706905
vt 0.266540 0.713461
vt 0.264191 0.712536
vt 0.320175 0.722366
vt 0.319321 0.719943
vt 0.323642 0.719868
vt 0.324064 0.722299
vt 0.262062 0.711720
vt 0.321323 0.724501
vt 0.324630 0.724444
vt 0.260237 0.711046
vt 0.317140 0.711704
vt 0.315407 0.712495
vt 0.319304 0.709323
vt 0.320150 0.706949
vt 0.324039 0.706881
vt 0.323625 0.709248
vt 0.313352 0.713401
vt 0.318784 0.711911
vt 0.323371 0.711832
vt 0.311052 0.714390
vt 0.318612 0.714613
vt 0.323289 0.714532
vt 0.269020 0.714461
vt 0.318793 0.717325
vt 0.323380 0.717246
vt 0.324598 0.704822
vt 0.700391 0.769121
vt 0.700391 0.662210
vt 0.807303 0.662210
vt 0.807303 0.769121
vt 0.063430 0.961217
vt 0.064324 0.854348
vt 0.075414 0.853605
vt 0.074519 0.960475
vt 0.700391 0.256128
vt 0.700396 0.149216
vt 0.807306 0.149220
vt 0.807302 0.256131
vt 0.127885 0.960538
vt 0.126990 0.853641
vt 0.138071 0.854402
vt 0.138965 0.961299
vt 0.176267 0.811956
vt 0.165105 0.811004
vt 0.165105 0.704795
vt 0.176267 0.705748
vt 0.700391 0.000365
vt 0.807302 0.000368
vt 0.235725 0.811003
vt 0.224563 0.811956
vt 0.224563 0.705748
vt 0.235725 0.704795
vt 0.700391 0.513356
vt 0.807303 0.513356
vt 0.127885 0.704795
vt 0.138965 0.705556
vt 0.063430 0.705538
vt 0.074519 0.704795
vt 0.808033 0.512626
vt 0.808033 0.405715
vt 0.914944 0.405715
vt 0.914944 0.512626
vt 0.076143 0.961217
vt 0.077038 0.854348
vt 0.088128 0.853605
vt 0.087233 0.960475
vt 0.592746 0.512624
vt 0.592751 0.405712
vt 0.699661 0.405716
vt 0.699657 0.512627
vt 0.115180 0.960538
vt 0.114285 0.853641
vt 0.125366 0.854402
vt 0.126260 0.961299
vt 0.200050 0.811957
vt 0.188888 0.811004
vt 0.188888 0.704795
vt 0.200050 0.705748
vt 0.592746 0.256861
vt 0.699657 0.256864
vt 0.223833 0.811003
vt 0.212671 0.811956
vt 0.212671 0.705748
vt 0.223833 0.704795
vt 0.808033 0.256861
vt 0.914944 0.256861
vt 0.115180 0.704796
vt 0.126260 0.705556
vt 0.076143 0.705538
vt 0.087233 0.704795
vt 0.700391 0.512626
vt 0.700391 0.405715
vt 0.807303 0.405715
vt 0.807303 0.512626
vt 0.088857 0.961217
vt 0.089752 0.854348
vt 0.100842 0.853605
vt 0.099947 0.960475
vt 0.592746 0.256128
vt 0.592751 0.149216
vt 0.699661 0.149220
vt 0.699657 0.256131
vt 0.140589 0.960538
vt 0.139695 0.853641
vt 0.150775 0.854402
vt 0.151670 0.961299
vt 0.211942 0.811957
vt 0.200780 0.811004
vt 0.200780 0.704795
vt 0.211942 0.705748
vt 0.592746 0.000365
vt 0.699657 0.000368
vt 0.247616 0.811003
vt 0.236454 0.811956
vt 0.236454 0.705748
vt 0.247616 0.704795
vt 0.700391 0.256861
vt 0.807303 0.256861
vt 0.140589 0.704795
vt 0.151670 0.705556
vt 0.088857 0.705538
vt 0.099947 0.704795
vt 0.808033 0.769121
vt 0.808033 0.662210
vt 0.914944 0.662210
vt 0.914944 0.769121
vt 0.101571 0.961217
vt 0.102466 0.854348
vt 0.113555 0.853605
vt 0.112661 0.960475
vt 0.592747 0.769120
vt 0.592751 0.662208
vt 0.699661 0.662212
vt 0.699657 0.769123
vt 0.153294 0.960538
vt 0.152400 0.853641
vt 0.163480 0.854402
vt 0.164375 0.961299
vt 0.188158 0.811956
vt 0.176996 0.811004
vt 0.176996 0.704795
vt 0.188158 0.705748
vt 0.592747 0.513357
vt 0.699657 0.513360
vt 0.259507 0.811003
vt 0.248346 0.811956
vt 0.248346 0.705748
vt 0.259507 0.704795
vt 0.808033 0.513356
vt 0.914944 0.513356
vt 0.153294 0.704795
vt 0.164375 0.705556
vt 0.101571 0.705538
vt 0.112661 0.704796
vt 0.297299 0.703136
vt 0.297666 0.654651
vt 0.320097 0.652612
vt 0.320471 0.704072
vt 0.915674 0.959777
vt 0.918941 0.884233
vt 0.916794 0.819069
vt 0.917732 0.708548
vt 0.919465 0.666309
vt 0.948601 0.664254
vt 0.946106 0.958293
vt 0.002397 0.704048
vt 0.002418 0.409894
vt 0.296569 0.409912
vt 0.296548 0.704066
vt 0.951921 0.960505
vt 0.949331 0.666393
vt 0.979819 0.668473
vt 0.980277 0.720509
vt 0.980994 0.801965
vt 0.981974 0.913170
vt 0.982101 0.961655
vt 0.030939 0.998627
vt 0.000365 0.997016
vt 0.000365 0.704795
vt 0.030745 0.706944
vt 0.031076 0.730072
vt 0.031106 0.740405
vt 0.031146 0.754466
vt 0.031260 0.763339
vt 0.028172 0.764424
vt 0.030932 0.771953
vt 0.031151 0.781545
vt 0.031121 0.793627
vt 0.031076 0.811629
vt 0.031076 0.849418
vt 0.031076 0.893662
vt 0.031076 0.921472
vt 0.031076 0.972837
vt 0.000568 0.042952
vt 0.000365 0.002628
vt 0.296569 0.000365
vt 0.060627 0.999303
vt 0.031990 0.999635
vt 0.031990 0.976853
vt 0.031990 0.933793
vt 0.031990 0.899618
vt 0.031990 0.851294
vt 0.031990 0.822697
vt 0.031990 0.774063
vt 0.031990 0.726401
vt 0.031990 0.707417
vt 0.062700 0.704795
vt 0.591767 0.409925
vt 0.566400 0.409925
vt 0.566871 0.339875
vt 0.591880 0.339091
vt 0.951613 0.256861
vt 0.982101 0.258940
vt 0.981877 0.299146
vt 0.981343 0.395040
vt 0.980990 0.517178
vt 0.980162 0.606865
vt 0.917642 0.595484
vt 0.918222 0.505028
vt 0.916461 0.390170
vt 0.915913 0.297322
vt 0.944669 0.297352
vt 0.915674 0.256861
vt 0.944237 0.257033
vt 0.567348 0.249109
vt 0.591790 0.248599
vt 0.568093 0.133936
vt 0.591820 0.133714
vt 0.568646 0.040817
vt 0.591820 0.040838
vt 0.568887 0.000365
vt 0.591820 0.000365
vt 0.518098 0.409925
vt 0.517049 0.341990
vt 0.487357 0.409925
vt 0.488028 0.342345
vt 0.441005 0.409925
vt 0.441293 0.343809
vt 0.406825 0.409920
vt 0.407920 0.344854
vt 0.360126 0.409920
vt 0.360846 0.346329
vt 0.318332 0.409920
vt 0.318096 0.347668
vt 0.297666 0.409920
vt 0.297666 0.348308
vt 0.520915 0.250078
vt 0.488784 0.250749
vt 0.441565 0.251735
vt 0.409357 0.252407
vt 0.361807 0.253400
vt 0.318671 0.258213
vt 0.298577 0.258632
vt 0.527570 0.134367
vt 0.489917 0.134670
vt 0.442023 0.135119
vt 0.411439 0.135406
vt 0.364164 0.139751
vt 0.317292 0.136289
vt 0.297666 0.136473
vt 0.358120 0.649157
vt 0.358334 0.673398
vt 0.330873 0.704072
vt 0.296569 0.728373
vt 0.293930 0.727160
vt 0.296569 0.704795
vt 0.402569 0.704072
vt 0.403423 0.645041
vt 0.440703 0.641654
vt 0.440607 0.704072
vt 0.485853 0.637580
vt 0.485145 0.704072
vt 0.514513 0.634975
vt 0.513139 0.704072
vt 0.565444 0.630347
vt 0.564844 0.704072
vt 0.592017 0.627933
vt 0.590871 0.703492
vt 0.565627 0.561034
vt 0.591820 0.562755
vt 0.566217 0.453042
vt 0.591820 0.452191
vt 0.517389 0.454664
vt 0.487058 0.455671
vt 0.440986 0.457202
vt 0.406124 0.458360
vt 0.359707 0.459902
vt 0.318706 0.461264
vt 0.297666 0.461963
vt 0.319313 0.544852
vt 0.297666 0.543430
vt 0.358973 0.547458
vt 0.404791 0.550468
vt 0.440839 0.552836
vt 0.486287 0.555822
vt 0.515633 0.557750
vt 0.530742 0.054405
vt 0.496702 0.054374
vt 0.448284 0.054330
vt 0.418961 0.054304
vt 0.361084 0.039837
vt 0.316928 0.040590
vt 0.297666 0.040573
vt 0.525542 0.000365
vt 0.491140 0.000365
vt 0.442496 0.000365
vt 0.413709 0.000365
vt 0.364753 0.000365
vt 0.316775 0.000365
vt 0.297666 0.000365
vt 0.358401 0.681021
vt 0.345027 0.704072
vt 0.354211 0.701884
vt 0.372286 0.704072
vt 0.384448 0.704072
vt 0.362685 0.703600
vt 0.448348 0.704802
vt 0.450934 0.725614
vt 0.448348 0.726940
s 0
usemtl Material.004
f 109/207/41 110/208/41 112/209/41 111/210/41
f 111/210/42 112/209/42 114/211/42 113/212/42
f 113/212/43 114/211/43 116/213/43 115/214/43
f 115/214/44 116/213/44 118/215/44 117/216/44
f 117/216/45 118/215/45 120/217/45 119/218/45
f 119/219/46 120/220/46 122/221/46 121/222/46
f 121/222/47 122/221/47 124/223/47 123/224/47
f 123/224/48 124/223/48 126/225/48 125/226/48
f 125/226/49 126/225/49 128/227/49 127/228/49
f 127/228/50 128/227/50 130/229/50 129/230/50
f 129/230/51 130/229/51 132/231/51 131/232/51
f 131/232/52 132/231/52 134/233/52 133/234/52
f 133/234/53 134/233/53 136/235/53 135/236/53
f 135/237/54 136/238/54 138/239/54 137/240/54
f 137/240/55 138/239/55 140/241/55 139/242/55
f 139/242/56 140/241/56 142/243/56 141/244/56
f 141/244/57 142/243/57 144/245/57 143/246/57
f 143/246/58 144/245/58 146/247/58 145/248/58
f 145/248/59 146/247/59 148/249/59 147/250/59
f 147/250/60 148/249/60 150/251/60 149/252/60
f 149/252/61 150/251/61 152/253/61 151/254/61
f 151/255/62 152/256/62 154/257/62 153/258/62
f 153/258/63 154/257/63 156/259/63 155/260/63
f 155/260/64 156/259/64 158/261/64 157/262/64
f 157/262/65 158/261/65 160/263/65 159/264/65
f 159/264/66 160/263/66 162/265/66 161/266/66
f 161/266/67 162/265/67 164/267/67 163/268/67
f 163/268/68 164/267/68 166/269/68 165/270/68
f 165/270/69 166/269/69 168/271/69 167/272/69
f 167/273/70 168/274/70 170/275/70 169/276/70
f 112/277/71 110/278/71 172/279/71 170/280/71 168/281/71 166/282/71 164/283/71 162/284/71 160/285/71 158/286/71 156/287/71 154/288/71 152/289/71 150/290/71 148/291/71 146/292/71 144/293/71 142/294/71 140/295/71 138/296/71 136/297/71 134/298/71 132/299/71 130/300/71 128/301/71 126/302/71 124/303/71 122/304/71 120/305/71 118/306/71 116/307/71 114/308/71
f 169/276/72 170/275/72 172/309/72 171/310/72
f 171/310/73 172/309/73 110/208/73 109/207/73
f 109/311/74 111/312/74 113/313/74 115/314/74 117/315/74 119/316/74 121/317/74 123/318/74 125/319/74 127/320/74 129/321/74 131/322/74 133/323/74 135/324/74 137/325/74 139/326/74 141/327/74 143/328/74 145/329/74 147/330/74 149/331/74 151/332/74 153/333/74 155/334/74 157/335/74 159/336/74 161/337/74 163/338/74 165/339/74 167/340/74 169/341/74 171/342/74
f 175/343/75 410/344/75 185/345/75 186/346/75
f 414/347/76 179/348/76 193/349/76 194/350/76
f 411/351/77 175/352/77 186/353/77 187/354/77
f 180/355/78 414/356/78 194/357/78 195/358/78
f 176/359/79 411/351/79 187/354/79 188/360/79
f 181/361/80 180/355/80 195/358/80 196/362/80
f 177/363/81 176/359/81 188/360/81 189/364/81
f 182/365/82 181/361/82 196/362/82 197/366/82
f 412/367/83 177/363/83 189/364/83 190/368/83
f 173/369/84 349/370/84 183/371/84
f 318/372/85 182/365/85 197/366/85
f 178/373/86 412/367/86 190/368/86 191/374/86
f 174/375/87 173/369/87 183/371/87 184/376/87
f 413/377/88 178/373/88 191/374/88 192/378/88
f 410/344/89 174/375/89 184/376/89 185/345/89
f 179/348/90 413/377/90 192/378/90 193/349/90
f 185/345/91 184/376/91 199/379/91 200/380/91
f 193/349/92 192/378/92 207/381/92 208/382/92
f 186/346/93 185/345/93 200/380/93 201/383/93
f 194/350/94 193/349/94 208/382/94 209/384/94
f 187/385/95 186/346/95 201/383/95 202/386/95
f 195/358/96 194/357/96 209/387/96 210/388/96
f 188/360/97 187/354/97 202/389/97 203/390/97
f 196/362/98 195/358/98 210/388/98 211/391/98
f 189/364/99 188/360/99 203/390/99 204/392/99
f 197/366/100 196/362/100 211/391/100 212/393/100
f 190/368/101 189/364/101 204/392/101 205/394/101
f 183/371/102 349/370/102 198/395/102
f 318/372/103 197/366/103 212/393/103
f 191/374/104 190/368/104 205/394/104 206/396/104
f 184/376/105 183/371/105 198/395/105 199/379/105
f 192/378/106 191/374/106 206/396/106 207/381/106
f 204/397/107 203/398/107 218/399/107 219/400/107
f 212/393/108 211/391/108 226/401/108 227/402/108
f 205/403/109 204/397/109 219/400/109 220/404/109
f 198/395/110 349/370/110 213/405/110
f 318/372/111 212/393/111 227/402/111
f 206/406/112 205/403/112 220/404/112 221/407/112
f 199/379/113 198/395/113 213/405/113 214/408/113
f 207/409/114 206/406/114 221/407/114 222/410/114
f 200/380/115 199/379/115 214/408/115 215/411/115
f 208/412/116 207/409/116 222/410/116 223/413/116
f 201/383/117 200/380/117 215/411/117 216/414/117
f 209/415/118 208/412/118 223/413/118 224/416/118
f 202/386/119 201/383/119 216/414/119 217/417/119
f 210/388/120 209/387/120 224/418/120 225/419/120
f 203/398/121 202/420/121 217/421/121 218/399/121
f 211/391/122 210/388/122 225/419/122 226/401/122
f 223/413/123 222/410/123 237/422/123 238/423/123
f 216/414/124 215/411/124 230/424/124 231/425/124
f 224/416/125 223/413/125 238/423/125 239/426/125
f 217/421/126 216/427/126 231/428/126 232/429/126
f 225/419/127 224/418/127 239/430/127 240/431/127
f 218/399/128 217/421/128 232/429/128 233/432/128
f 226/401/129 225/419/129 240/431/129 241/433/129
f 219/400/130 218/399/130 233/432/130 234/434/130
f 227/402/131 226/401/131 241/433/131 242/435/131
f 220/404/132 219/400/132 234/434/132 235/436/132
f 213/405/133 349/370/133 228/437/133
f 318/372/134 227/402/134 242/435/134
f 221/407/135 220/404/135 235/436/135 236/438/135
f 214/408/136 213/405/136 228/437/136 229/439/136
f 222/410/137 221/407/137 236/438/137 237/422/137
f 215/411/138 214/408/138 229/439/138 230/424/138
f 242/435/139 241/433/139 256/440/139 257/441/139
f 235/436/140 234/434/140 249/442/140 250/443/140
f 228/437/141 349/370/141 243/444/141
f 318/372/142 242/435/142 257/441/142
f 236/438/143 235/436/143 250/443/143 251/445/143
f 229/439/144 228/437/144 243/444/144 244/446/144
f 237/422/145 236/438/145 251/445/145 252/447/145
f 230/424/146 229/439/146 244/446/146 245/448/146
f 238/423/147 237/422/147 252/447/147 253/449/147
f 231/425/148 230/424/148 245/448/148 246/450/148
f 239/426/149 238/423/149 253/449/149 254/451/149
f 232/429/150 231/428/150 246/452/150 247/453/150
f 240/431/151 239/430/151 254/454/151 255/455/151
f 233/432/152 232/429/152 247/453/152 248/456/152
f 241/433/153 240/431/153 255/455/153 256/440/153
f 234/434/154 233/432/154 248/456/154 249/442/154
f 246/450/155 245/448/155 260/457/155 261/458/155
f 254/454/156 253/459/156 268/460/156 269/461/156
f 247/453/157 246/452/157 261/462/157 262/463/157
f 255/455/158 254/454/158 269/461/158 270/464/158
f 248/456/159 247/453/159 262/463/159 263/465/159
f 256/440/160 255/455/160 270/464/160 271/466/160
f 249/442/161 248/456/161 263/465/161 264/467/161
f 257/441/162 256/440/162 271/466/162 272/468/162
f 250/443/163 249/442/163 264/467/163 265/469/163
f 243/444/164 349/370/164 258/470/164
f 318/372/165 257/441/165 272/468/165
f 251/445/166 250/443/166 265/469/166 266/471/166
f 244/446/167 243/444/167 258/470/167 259/472/167
f 252/447/168 251/445/168 266/471/168 267/473/168
f 245/448/169 244/446/169 259/472/169 260/457/169
f 253/449/170 252/447/170 267/473/170 268/474/170
f 265/475/171 264/476/171 279/477/171 280/478/171
f 258/470/172 349/370/172 273/479/172
f 318/372/173 272/468/173 287/480/173
f 266/481/174 265/475/174 280/478/174 281/482/174
f 259/472/175 258/470/175 273/479/175 274/483/175
f 267/484/176 266/481/176 281/482/176 282/485/176
f 260/457/177 259/472/177 274/483/177 275/486/177
f 268/487/178 267/484/178 282/485/178 283/488/178
f 261/458/179 260/457/179 275/486/179 276/489/179
f 269/461/180 268/460/180 283/490/180 284/491/180
f 262/492/181 261/493/181 276/494/181 277/495/181
f 270/464/182 269/461/182 284/491/182 285/496/182
f 263/497/183 262/492/183 277/495/183 278/498/183
f 271/466/184 270/464/184 285/496/184 286/499/184
f 264/476/185 263/497/185 278/498/185 279/477/185
f 272/468/186 271/466/186 286/499/186 287/480/186
f 284/500/187 283/488/187 298/501/187 299/502/187
f 277/495/188 276/494/188 291/503/188 292/504/188
f 285/496/189 284/491/189 299/505/189 300/506/189
f 278/498/190 277/495/190 292/504/190 293/507/190
f 286/499/191 285/496/191 300/506/191 301/508/191
f 279/477/192 278/498/192 293/507/192 294/509/192
f 287/480/193 286/499/193 301/508/193 302/510/193
f 280/478/194 279/477/194 294/509/194 295/511/194
f 273/479/195 349/370/195 288/512/195
f 318/372/196 287/480/196 302/510/196
f 281/482/197 280/478/197 295/511/197 296/513/197
f 274/483/198 273/479/198 288/512/198 289/514/198
f 282/485/199 281/482/199 296/513/199 297/515/199
f 275/486/200 274/483/200 289/514/200 290/516/200
f 283/488/201 282/485/201 297/515/201 298/501/201
f 276/489/202 275/486/202 290/516/202 291/517/202
f 318/372/203 302/510/203 317/518/203
f 296/513/204 295/511/204 310/519/204 311/520/204
f 289/514/205 288/512/205 303/521/205 304/522/205
f 297/515/206 296/513/206 311/520/206 312/523/206
f 290/516/207 289/514/207 304/522/207 305/524/207
f 298/501/208 297/515/208 312/523/208 313/525/208
f 291/517/209 290/516/209 305/524/209 306/526/209
f 299/502/210 298/501/210 313/525/210 314/527/210
f 292/504/211 291/503/211 306/528/211 307/529/211
f 300/506/212 299/505/212 314/530/212 315/531/212
f 293/507/213 292/504/213 307/529/213 308/532/213
f 301/508/214 300/506/214 315/531/214 316/533/214
f 294/509/215 293/507/215 308/532/215 309/534/215
f 302/510/216 301/508/216 316/533/216 317/518/216
f 295/511/217 294/509/217 309/534/217 310/519/217
f 288/512/218 349/370/218 303/521/218
f 315/531/219 314/530/219 330/535/219 331/536/219
f 308/532/220 307/529/220 323/537/220 324/538/220
f 316/533/221 315/531/221 331/536/221 332/539/221
f 309/534/222 308/532/222 324/538/222 325/540/222
f 317/518/223 316/533/223 332/539/223 333/541/223
f 310/519/224 309/534/224 325/540/224 326/542/224
f 303/521/225 349/370/225 319/543/225
f 318/372/226 317/518/226 333/541/226
f 311/520/227 310/519/227 326/542/227 327/544/227
f 304/522/228 303/521/228 319/543/228 320/545/228
f 312/523/229 311/520/229 327/544/229 328/546/229
f 305/524/230 304/522/230 320/545/230 321/547/230
f 313/525/231 312/523/231 328/546/231 329/548/231
f 306/526/232 305/524/232 321/547/232 322/549/232
f 314/530/233 313/550/233 329/551/233 330/535/233
f 307/529/234 306/528/234 322/552/234 323/537/234
f 320/545/235 319/543/235 334/553/235 335/554/235
f 328/555/236 327/556/236 342/557/236 343/558/236
f 321/547/237 320/545/237 335/554/237 336/559/237
f 329/560/238 328/555/238 343/558/238 344/561/238
f 322/549/239 321/547/239 336/559/239 337/562/239
f 330/535/240 329/551/240 344/563/240 345/564/240
f 323/565/241 322/566/241 337/567/241 338/568/241
f 331/536/242 330/535/242 345/564/242 346/569/242
f 324/570/243 323/565/243 338/568/243 339/571/243
f 332/539/244 331/536/244 346/569/244 347/572/244
f 325/573/245 324/570/245 339/571/245 340/574/245
f 333/541/246 332/539/246 347/572/246 348/575/246
f 326/576/247 325/573/247 340/574/247 341/577/247
f 319/543/248 349/370/248 334/553/248
f 318/372/249 333/541/249 348/575/249
f 327/556/250 326/576/250 341/577/250 342/557/250
f 339/571/251 338/568/251 354/578/251 355/579/251
f 347/572/252 346/569/252 362/580/252 363/581/252
f 340/574/253 339/571/253 355/579/253 356/582/253
f 348/575/254 347/572/254 363/581/254 364/583/254
f 341/577/255 340/574/255 356/582/255 357/584/255
f 334/553/256 349/370/256 350/585/256
f 318/372/257 348/575/257 364/583/257
f 342/557/258 341/577/258 357/584/258 358/586/258
f 335/554/259 334/553/259 350/585/259 351/587/259
f 343/558/260 342/557/260 358/586/260 359/588/260
f 336/559/261 335/554/261 351/587/261 352/589/261
f 344/561/262 343/558/262 359/588/262 360/590/262
f 337/562/263 336/559/263 352/589/263 353/591/263
f 345/592/264 344/561/264 360/590/264 361/593/264
f 338/568/265 337/567/265 353/594/265 354/578/265
f 346/569/266 345/564/266 361/595/266 362/580/266
f 359/588/267 358/586/267 373/596/267 374/597/267
f 352/589/268 351/587/268 366/598/268 367/599/268
f 360/590/269 359/588/269 374/597/269 375/600/269
f 353/591/270 352/589/270 367/599/270 368/601/270
f 361/593/271 360/590/271 375/600/271 376/602/271
f 354/578/272 353/594/272 368/603/272 369/604/272
f 362/580/273 361/595/273 376/605/273 377/606/273
f 355/579/274 354/578/274 369/604/274 370/607/274
f 363/581/275 362/580/275 377/606/275 378/608/275
f 356/582/276 355/579/276 370/607/276 371/609/276
f 364/583/277 363/581/277 378/608/277 379/610/277
f 357/584/278 356/582/278 371/609/278 372/611/278
f 350/585/279 349/370/279 365/612/279
f 318/372/280 364/583/280 379/610/280
f 358/586/281 357/584/281 372/611/281 373/596/281
f 351/587/282 350/585/282 365/612/282 366/598/282
f 378/608/283 377/606/283 392/613/283 393/614/283
f 371/609/284 370/607/284 385/615/284 386/616/284
f 379/610/285 378/608/285 393/614/285 394/617/285
f 372/611/286 371/609/286 386/616/286 387/618/286
f 365/612/287 349/370/287 380/619/287
f 318/372/288 379/610/288 394/617/288
f 373/596/289 372/611/289 387/618/289 388/620/289
f 366/598/290 365/612/290 380/619/290 381/621/290
f 374/597/291 373/596/291 388/620/291 389/622/291
f 367/599/292 366/598/292 381/621/292 382/623/292
f 375/600/293 374/597/293 389/622/293 390/624/293
f 368/601/294 367/599/294 382/623/294 383/625/294
f 376/602/295 375/600/295 390/624/295 391/626/295
f 369/627/296 368/601/296 383/625/296 384/628/296
f 377/606/297 376/605/297 391/629/297 392/613/297
f 370/607/298 369/604/298 384/630/298 385/615/298
f 382/623/299 381/621/299 396/631/299 397/632/299
f 390/633/300 389/634/300 404/635/300 405/636/300
f 383/625/301 382/623/301 397/632/301 398/637/301
f 391/638/302 390/633/302 405/636/302 406/639/302
f 384/628/303 383/625/303 398/637/303 399/640/303
f 392/613/304 391/629/304 406/641/304 407/642/304
f 385/643/305 384/644/305 399/645/305 400/646/305
f 393/614/306 392/613/306 407/642/306 408/647/306
f 386/648/307 385/643/307 400/646/307 401/649/307
f 394/617/308 393/614/308 408/647/308 409/650/308
f 387/651/309 386/648/309 401/649/309 402/652/309
f 380/619/310 349/370/310 395/653/310
f 318/372/311 394/617/311 409/650/311
f 388/654/312 387/651/312 402/652/312 403/655/312
f 381/621/313 380/619/313 395/653/313 396/631/313
f 389/634/314 388/654/314 403/655/314 404/635/314
f 401/649/315 400/646/315 176/359/315 177/363/315
f 409/650/316 408/647/316 181/361/316 182/365/316
f 402/652/317 401/649/317 177/363/317 412/367/317
f 395/653/318 349/370/318 173/369/318
f 318/372/319 409/650/319 182/365/319
f 403/655/320 402/652/320 412/367/320 178/373/320
f 396/631/321 395/653/321 173/369/321 174/375/321
f 404/635/322 403/655/322 178/373/322 413/377/322
f 397/632/323 396/631/323 174/375/323 410/344/323
f 405/636/324 404/635/324 413/377/324 179/348/324
f 398/637/325 397/632/325 410/344/325 175/343/325
f 406/639/326 405/636/326 179/348/326 414/347/326
f 399/645/327 398/656/327 175/352/327 411/351/327
f 407/642/328 406/641/328 414/356/328 180/355/328
f 400/646/329 399/645/329 411/351/329 176/359/329
f 408/647/330 407/642/330 180/355/330 181/361/330
f 415/657/331 416/658/331 418/659/331 417/660/331
f 417/661/332 418/662/332 422/663/332 421/664/332
f 421/665/333 422/666/333 420/667/333 419/668/333
f 419/669/334 420/670/334 416/671/334 415/672/334
f 417/673/335 421/674/335 419/675/335 415/676/335
f 420/667/336 422/666/336 426/677/336 425/678/336
f 426/679/337 424/680/337 423/681/337 425/682/337
f 418/659/338 416/658/338 423/683/338 424/684/338
f 416/671/339 420/670/339 425/685/339 423/686/339
f 422/663/340 418/662/340 424/687/340 426/688/340
f 427/689/331 428/690/331 430/691/331 429/692/331
f 429/693/332 430/694/332 434/695/332 433/696/332
f 433/697/333 434/698/333 432/699/333 431/700/333
f 431/701/334 432/702/334 428/703/334 427/704/334
f 429/705/335 433/706/335 431/707/335 427/708/335
f 432/699/336 434/698/336 438/709/336 437/710/336
f 438/711/337 436/712/337 435/713/337 437/714/337
f 430/691/338 428/690/338 435/715/338 436/716/338
f 428/703/339 432/702/339 437/717/339 435/718/339
f 434/695/340 430/694/340 436/719/340 438/720/340
f 439/721/331 440/722/331 442/723/331 441/724/331
f 441/725/332 442/726/332 446/727/332 445/728/332
f 445/729/333 446/730/333 444/731/333 443/732/333
f 443/733/334 444/734/334 440/735/334 439/736/334
f 441/737/335 445/738/335 443/739/335 439/740/335
f 444/731/336 446/730/336 450/741/336 449/742/336
f 450/743/337 448/744/337 447/745/337 449/746/337
f 442/723/338 440/722/338 447/747/338 448/748/338
f 440/735/339 444/734/339 449/749/339 447/750/339
f 446/727/340 442/726/340 448/751/340 450/752/340
f 451/753/331 452/754/331 454/755/331 453/756/331
f 453/757/332 454/758/332 458/759/332 457/760/332
f 457/761/333 458/762/333 456/763/333 455/764/333
f 455/765/334 456/766/334 452/767/334 451/768/334
f 453/769/335 457/770/335 455/771/335 451/772/335
f 456/763/336 458/762/336 462/773/336 461/774/336
f 462/775/341 460/776/341 459/777/341 461/778/341
f 454/755/338 452/754/338 459/779/338 460/780/338
f 452/767/339 456/766/339 461/781/339 459/782/339
f 458/759/340 454/758/340 460/783/340 462/784/340
f 463/785/342 515/786/342 545/787/342 531/788/342
f 465/789/343 486/790/343 485/791/343 484/792/343 466/793/343 470/794/343 469/795/343
f 469/796/333 470/797/333 468/798/333 467/799/333
f 467/800/344 468/801/344 464/802/344 517/803/344 516/804/344 515/805/344 463/806/344
f 465/807/345 469/808/345 467/809/345 463/810/345 531/811/345 561/812/345 560/813/345 566/814/345 530/815/345 567/816/345 565/817/345 564/818/345 529/819/345 528/820/345 527/821/345 526/822/345 525/823/345
f 468/798/346 470/797/346 479/824/346 474/825/346 473/826/346
f 474/827/347 472/828/347 507/829/347 506/830/347 505/831/347 504/832/347 503/833/347 502/834/347 501/835/347 471/836/347 473/837/347
f 466/838/348 538/839/348 524/840/348 478/841/348
f 464/802/349 468/801/349 473/842/349 471/843/349 483/844/349 482/845/349 481/846/349 480/847/349
f 470/794/350 466/793/350 478/848/350 477/849/350 476/850/350 475/851/350 479/852/350
f 479/852/351 475/851/351 472/853/351 474/854/351
f 478/841/352 524/840/352 508/855/352 477/856/352
f 477/856/353 508/855/353 500/857/353 476/858/353
f 476/858/338 500/857/338 487/859/338 475/860/338
f 475/860/338 487/859/338 507/861/338 472/862/338
f 524/840/354 538/839/354 537/863/354 523/864/354
f 523/864/355 537/863/355 536/865/355 522/866/355
f 522/866/356 536/865/356 535/867/356 521/868/356
f 521/868/357 535/867/357 534/869/357 520/870/357
f 520/870/358 534/869/358 533/871/358 519/872/358
f 519/872/359 533/871/359 532/873/359 518/874/359
f 518/874/360 532/873/360 464/875/360 480/876/360
f 508/855/361 524/840/361 523/864/361 509/877/361
f 509/877/362 523/864/362 522/866/362 510/878/362
f 510/878/363 522/866/363 521/868/363 511/879/363
f 511/879/364 521/868/364 520/870/364 512/880/364
f 512/880/365 520/870/365 519/872/365 513/881/365
f 513/881/366 519/872/366 518/874/366 514/882/366
f 514/882/367 518/874/367 480/876/367 481/883/367
f 500/857/368 508/855/368 509/877/368 499/884/368
f 499/884/369 509/877/369 510/878/369 498/885/369
f 498/885/370 510/878/370 511/879/370 497/886/370
f 497/886/371 511/879/371 512/880/371 496/887/371
f 496/887/372 512/880/372 513/881/372 495/888/372
f 495/888/373 513/881/373 514/882/373 494/889/373
f 494/889/374 514/882/374 481/883/374 482/890/374
f 531/788/375 545/787/375 558/891/375 563/892/375 561/893/375
f 530/894/376 562/895/376 567/896/376
f 529/897/331 543/898/331 541/899/331 528/900/331
f 528/900/377 541/899/377 555/901/377 527/902/377
f 527/902/378 555/901/378 554/903/378 526/904/378
f 526/904/379 554/903/379 539/905/379 525/906/379
f 525/906/380 539/905/380 486/907/380 465/908/380
f 486/907/381 539/905/381 553/909/381 485/910/381
f 485/910/331 553/909/331 552/911/331 484/912/331
f 484/912/382 552/911/382 538/839/382 466/838/382
f 538/839/383 552/911/383 540/913/383 537/863/383
f 537/863/384 540/913/384 544/914/384 536/865/384
f 536/865/385 544/914/385 549/915/385 535/867/385
f 535/867/386 549/915/386 548/916/386 534/869/386
f 534/869/331 548/916/331 542/917/331 533/871/331
f 533/871/331 542/917/331 546/918/331 532/873/331
f 532/873/331 546/918/331 517/919/331 464/875/331
f 517/919/331 546/918/331 559/920/331 516/921/331
f 516/921/331 559/920/331 545/787/331 515/786/331
f 559/920/331 546/918/331 542/917/331 547/922/331
f 547/922/331 542/917/331 548/916/331 557/923/331
f 557/923/331 548/916/331 549/915/331 556/924/331
f 556/924/331 549/915/331 544/914/331 550/925/331
f 550/925/331 544/914/331 540/913/331 551/926/331
f 551/926/331 540/913/331 552/911/331 553/909/331
f 551/926/387 553/909/387 539/905/387 554/903/387
f 551/926/388 554/903/388 555/901/388 550/925/388
f 550/925/389 555/901/389 541/899/389 556/924/389
f 556/924/331 541/899/331 543/898/331 557/923/331
f 557/923/331 543/898/331 558/891/331 547/922/331
f 547/922/331 558/891/331 545/787/331 559/920/331
f 487/859/390 500/857/390 499/884/390 488/927/390
f 488/927/391 499/884/391 498/885/391 489/928/391
f 489/928/392 498/885/392 497/886/392 490/929/392
f 490/929/393 497/886/393 496/887/393 491/930/393
f 491/930/394 496/887/394 495/888/394 492/931/394
f 492/931/395 495/888/395 494/889/395 493/932/395
f 493/932/338 494/889/338 482/890/338 483/933/338
f 507/861/396 487/859/396 488/927/396 506/934/396
f 506/934/397 488/927/397 489/928/397 505/935/397
f 505/935/398 489/928/398 490/929/398 504/936/398
f 504/936/399 490/929/399 491/930/399 503/937/399
f 503/937/400 491/930/400 492/931/400 502/938/400
f 502/938/401 492/931/401 493/932/401 501/939/401
f 501/939/338 493/932/338 483/933/338 471/940/338
f 561/893/402 563/892/402 562/941/402 560/942/402
f 560/942/403 562/941/403 566/943/403
f 565/944/404 562/941/404 563/892/404 564/945/404
f 564/945/405 563/892/405 558/891/405 543/898/405 529/897/405
f 567/946/406 562/941/406 565/944/406
f 566/947/407 562/948/407 530/949/407
o RoofFront
v 11.927608 7.385909 -2.087906
v 11.679561 3.484146 -12.393162
v 11.804250 7.205732 -2.086719
v 11.679561 3.315275 -12.320274
v -4.296778 7.374603 -2.159607
v -4.095177 3.484146 -12.393162
v -4.296778 7.205732 -2.086719
v -4.095177 3.315275 -12.320274
vn -0.0022 0.2084 0.9781
vn -0.0000 -0.9347 0.3554
vn -0.9998 -0.0073 -0.0169
vn -0.0000 -0.3963 -0.9181
vn 0.9446 -0.3123 0.1013
vn 0.0005 0.9350 -0.3547
vt 0.625000 0.500000
vt 0.875000 0.500000
vt 0.875000 0.750000
vt 0.625000 0.750000
vt 0.375000 0.750000
vt 0.625000 1.000000
vt 0.375000 1.000000
vt 0.375000 0.000000
vt 0.625000 0.000000
vt 0.625000 0.250000
vt 0.375000 0.250000
vt 0.125000 0.500000
vt 0.375000 0.500000
vt 0.125000 0.750000
s 0
usemtl Material.007
f 568/950/408 572/951/408 574/952/408 570/953/408
f 571/954/409 570/953/409 574/955/409 575/956/409
f 575/957/410 574/958/410 572/959/410 573/960/410
f 573/961/411 569/962/411 571/954/411 575/963/411
f 569/962/412 568/950/412 570/953/412 571/954/412
f 573/960/413 572/959/413 568/950/413 569/962/413
o RoofBack
v -4.290620 7.370018 -2.169684
v -4.056860 3.402131 7.818576
v -4.289468 7.201148 -2.242563
v -4.055708 3.233260 7.745697
v 11.944399 7.370400 -2.082464
v 11.633339 3.402131 8.067940
v 11.824499 7.201529 -2.155343
v 11.648575 3.233260 7.995060
vn 0.0049 0.3948 -0.9188
vn 0.0039 -0.9304 -0.3666
vn 0.9614 -0.2634 -0.0799
vn -0.0146 -0.3968 0.9178
vn -0.9997 -0.0144 0.0177
vn -0.0039 0.9304 0.3666
vt 0.625000 0.500000
vt 0.875000 0.500000
vt 0.875000 0.750000
vt 0.625000 0.750000
vt 0.375000 0.750000
vt 0.625000 1.000000
vt 0.375000 1.000000
vt 0.375000 0.000000
vt 0.625000 0.000000
vt 0.625000 0.250000
vt 0.375000 0.250000
vt 0.125000 0.500000
vt 0.375000 0.500000
vt 0.125000 0.750000
s 0
usemtl Material.008
f 576/964/414 580/965/414 582/966/414 578/967/414
f 579/968/415 578/967/415 582/969/415 583/970/415
f 583/971/416 582/972/416 580/973/416 581/974/416
f 581/975/417 577/976/417 579/968/417 583/977/417
f 577/976/418 576/964/418 578/967/418 579/968/418
f 581/974/419 580/973/419 576/964/419 577/976/419
o Cube
v 11.988374 7.372925 -2.273651
v 12.000769 7.278767 -2.405933
v -4.290657 7.396983 -2.243873
v -4.325062 7.262403 -2.453142
v 12.022643 7.350598 -1.904933
v 11.994361 7.262041 -1.783463
v -4.317131 7.321476 -1.933480
v -4.326239 7.241242 -1.840032
v 11.987613 7.346814 -2.305917
v 11.996160 7.291030 -1.833300
v 11.997930 7.445027 -2.096748
v 11.996985 7.380227 -2.095743
v 11.999902 7.408355 -2.096168
v 11.994358 7.405760 -1.999045
v 11.993371 7.419013 -2.195316
v 11.996646 7.350873 -2.187871
v 11.997490 7.324762 -1.968189
v 11.993367 7.394152 -2.191252
v 12.001437 7.371404 -1.997967
v -4.289333 7.395748 -2.025834
v -4.309374 7.349412 -2.135152
v -4.311378 7.329075 -2.343426
v -4.273860 7.438480 -2.132837
v -4.316449 7.318858 -2.030748
v -4.307111 7.341973 -2.200950
vn 0.0004 0.8309 -0.5564
vn -0.9578 0.2874 0.0019
vn -0.0026 0.7867 0.6174
vn 0.9874 0.1434 -0.0671
vn -0.0010 0.9897 0.1429
vn 0.0013 -0.9995 -0.0307
vn 0.9976 0.0251 -0.0640
vn 0.9759 -0.1700 -0.1367
vn 0.9944 -0.1007 -0.0332
vt 0.375000 0.000000
vt 0.500000 0.000000
vt 0.625000 0.000000
vt 0.625000 0.250000
vt 0.500000 0.250000
vt 0.375000 0.250000
vt 0.625000 0.312500
vt 0.625000 0.375000
vt 0.625000 0.437500
vt 0.625000 0.500000
vt 0.375000 0.500000
vt 0.375000 0.375000
vt 0.375000 0.312500
vt 0.625000 0.750000
vt 0.500000 0.750000
vt 0.375000 0.750000
vt 0.500000 0.875000
vt 0.625000 0.875000
vt 0.625000 0.937500
vt 0.625000 1.000000
vt 0.500000 1.000000
vt 0.500000 0.937500
vt 0.125000 0.500000
vt 0.187500 0.500000
vt 0.250000 0.500000
vt 0.312500 0.750000
vt 0.250000 0.750000
vt 0.187500 0.750000
vt 0.125000 0.750000
vt 0.687500 0.500000
vt 0.750000 0.500000
vt 0.812500 0.500000
vt 0.875000 0.500000
vt 0.875000 0.750000
vt 0.812500 0.750000
vt 0.750000 0.750000
vt 0.687500 0.750000
vt 0.375000 0.875000
vt 0.375000 1.000000
vt 0.375000 0.937500
vt 0.500000 0.812500
vt 0.375000 0.812500
vt 0.625000 0.812500
s 0
usemtl Material.024
f 584/978/420 592/979/420 585/980/420 587/981/420 605/982/420 586/983/420
f 586/983/421 605/982/421 587/981/421 608/984/421 604/985/421 607/986/421 591/987/421 590/988/421 603/989/421 606/990/421
f 590/988/422 591/987/422 589/991/422 593/992/422 588/993/422
f 596/994/423 595/995/423 599/996/423 585/997/423 592/998/423 601/999/423
f 586/1000/424 606/1001/424 603/1002/424 590/988/424 588/993/424 597/1003/424 594/1004/424 598/1005/424 584/1006/424
f 591/987/425 607/1007/425 604/1008/425 608/1009/425 587/1010/425 585/1011/425 599/1012/425 595/1013/425 600/1014/425 589/991/425
f 594/1015/426 596/994/426 601/999/426 592/998/426 584/1016/426 598/1017/426
f 588/993/427 593/992/427 602/1018/427 596/994/427 594/1015/427 597/1019/427
f 593/992/428 589/991/428 600/1020/428 595/995/428 596/994/428 602/1018/428
o Window
v 5.015656 3.354084 5.666967
v 5.015656 0.319926 5.666967
v 7.722552 3.354084 5.649187
v 7.722552 0.319926 5.649187
v 5.017375 3.354084 5.928510
v 5.017375 0.319926 5.928510
v 7.724271 3.354084 5.910729
v 7.724271 0.319926 5.910729
v 7.558157 3.264973 5.911820
v 5.206339 3.265646 5.927269
v 7.556244 0.455098 5.911833
v 5.204426 0.455772 5.927281
v 7.556434 3.264437 5.650278
v 5.204616 3.265110 5.665726
v 5.202703 0.455236 5.665739
v 7.554521 0.454562 5.650290
v 5.165285 3.274383 5.743717
v 5.154715 0.433094 5.743787
v 7.551143 3.266140 5.728045
v 7.540572 0.424851 5.728115
v 5.166143 3.274383 5.874269
v 5.155573 0.433094 5.874339
v 7.552000 3.266140 5.858597
v 7.541430 0.424851 5.858667
v 7.405305 3.184775 5.859561
v 5.332415 3.192555 5.873177
v 7.393761 0.549553 5.859637
v 5.320871 0.557333 5.873253
v 7.404441 3.184283 5.729009
v 5.331552 3.192063 5.742625
v 5.320007 0.556840 5.742701
v 7.392897 0.549060 5.729085
v 4.837476 0.469033 5.575975
v 4.837476 0.326785 5.575975
v 7.925906 0.469033 5.555689
v 7.925906 0.326786 5.555689
v 4.834592 0.469033 5.136893
v 4.834592 0.326785 5.136893
v 7.923022 0.469033 5.116607
v 7.923022 0.326786 5.116607
v 5.995258 0.334826 5.428212
v 5.995258 0.257506 5.428212
v 5.952625 0.334826 5.428492
v 5.952625 0.257506 5.428492
v 5.995501 0.334826 5.465151
v 5.995501 0.257506 5.465151
v 5.952868 0.334826 5.465431
v 5.952868 0.257506 5.465431
v 6.837390 0.336223 5.421472
v 6.837390 0.258902 5.421472
v 6.794757 0.336223 5.421752
v 6.794757 0.258902 5.421752
v 6.837632 0.336223 5.458411
v 6.837632 0.258902 5.458411
v 6.795000 0.336223 5.458692
v 6.795000 0.258902 5.458692
v 5.993959 0.279720 5.462437
v 5.995632 0.279720 5.717102
v 5.993959 0.258475 5.462437
v 5.995632 0.258475 5.717102
v 5.953083 0.279720 5.462706
v 5.954755 0.279720 5.717370
v 5.953083 0.258475 5.462706
v 5.954755 0.258475 5.717370
v 6.836630 0.279720 5.456902
v 6.838303 0.279720 5.711566
v 6.836630 0.258475 5.456902
v 6.838303 0.258475 5.711566
v 6.795754 0.279720 5.457170
v 6.797427 0.279720 5.711835
v 6.795754 0.258475 5.457170
v 6.797427 0.258475 5.711835
v 7.630670 0.262228 5.918113
v 9.103170 0.262228 5.846385
v 7.635999 0.262228 6.027505
v 9.108500 0.262228 5.955778
v 7.630670 3.386802 5.918112
v 9.103170 3.386802 5.846385
v 7.635999 3.386802 6.027505
v 9.108500 3.386802 5.955777
v 3.626678 0.280846 5.949334
v 5.100894 0.280846 5.939849
v 3.627382 0.280846 6.058854
v 5.101598 0.280846 6.049370
v 3.626678 3.405420 5.949333
v 5.100894 3.405420 5.939849
v 3.627382 3.405420 6.058854
v 5.101598 3.405420 6.049369
v 6.431423 3.256858 5.740174
v 6.420221 0.510395 5.752521
v 6.350087 3.257192 5.740709
v 6.338886 0.510729 5.753055
v 6.432053 3.257286 5.835819
v 6.420851 0.510822 5.848165
v 6.350717 3.257620 5.836353
v 6.339516 0.511156 5.848699
v 7.400342 1.709121 5.843835
v 5.326092 1.717165 5.857496
v 7.399924 1.709121 5.780225
v 5.325673 1.717165 5.793886
v 7.400702 1.801795 5.843833
v 5.326451 1.809839 5.857494
v 7.400283 1.801795 5.780222
v 5.326032 1.809839 5.793883
vn -0.0000 1.0000 -0.0000
vn 1.0000 -0.0000 -0.0066
vn 0.0066 -0.0000 1.0000
vn -0.0000 -1.0000 -0.0000
vn -0.0066 -0.0000 -1.0000
vn -1.0000 -0.0000 0.0066
vn -0.0003 -1.0000 0.0021
vn -1.0000 0.0007 0.0066
vn 0.0003 1.0000 -0.0021
vn 1.0000 -0.0007 -0.0066
vn 0.0035 1.0000 -0.0000
vn 1.0000 -0.0037 -0.0066
vn -0.0035 -1.0000 -0.0000
vn -1.0000 0.0037 0.0066
vn -0.0037 -1.0000 0.0038
vn -1.0000 0.0044 0.0066
vn 0.0037 1.0000 -0.0038
vn 1.0000 -0.0044 -0.0066
vn 0.0487 -0.0000 0.9988
vn -0.0487 -0.0000 -0.9988
vn -0.9988 -0.0000 0.0487
vn 0.9988 -0.0000 -0.0487
vn 0.0064 -0.0000 1.0000
vn -0.0064 -0.0000 -1.0000
vn -1.0000 -0.0000 0.0064
vn 1.0000 -0.0000 -0.0064
vn -0.0066 -0.0045 -1.0000
vn -1.0000 0.0041 0.0066
vn 0.0066 0.0045 1.0000
vn 1.0000 -0.0041 -0.0066
vn 0.0041 1.0000 -0.0045
vn -0.0041 -1.0000 0.0045
vn -0.0039 -1.0000 -0.0000
vn 0.0039 1.0000 -0.0000
vn 1.0000 -0.0039 -0.0066
vn -1.0000 0.0039 0.0066
vt 0.625000 0.500000
vt 0.875000 0.500000
vt 0.875000 0.750000
vt 0.625000 0.750000
vt 0.375000 0.750000
vt 0.625000 1.000000
vt 0.375000 1.000000
vt 0.602902 0.210742
vt 0.625000 0.250000
vt 0.375000 0.250000
vt 0.375000 0.000000
vt 0.625000 0.000000
vt 0.602856 0.039438
vt 0.411373 0.039578
vt 0.411418 0.210882
vt 0.125000 0.500000
vt 0.375000 0.500000
vt 0.125000 0.750000
vt 0.602820 0.710561
vt 0.602865 0.539257
vt 0.411382 0.539118
vt 0.411336 0.710422
vt 0.856137 0.500000
vt 0.719964 0.500000
vt 0.719982 0.750000
vt 0.856155 0.750000
vt 0.625000 0.981155
vt 0.625000 0.844982
vt 0.375000 0.839478
vt 0.375000 0.975651
vt 0.149367 0.500000
vt 0.149349 0.750000
vt 0.285522 0.750000
vt 0.285539 0.500000
vt 0.625000 0.405036
vt 0.625000 0.268863
vt 0.375000 0.274367
vt 0.375000 0.410539
s 0
usemtl Material.009
f 609/1021/429 613/1022/429 615/1023/429 611/1024/429
f 612/1025/430 611/1024/430 615/1026/430 616/1027/430
f 618/1028/431 613/1029/431 614/1030/431 616/1031/431 615/1032/431 617/1033/431 619/1034/431 620/1035/431
f 615/1032/431 613/1029/431 618/1028/431 617/1033/431
f 614/1036/432 610/1037/432 612/1025/432 616/1038/432
f 621/1039/433 611/1024/433 612/1025/433 610/1037/433 609/1021/433 622/1040/433 623/1041/433 624/1042/433
f 622/1040/433 609/1021/433 611/1024/433 621/1039/433
f 614/1030/434 613/1029/434 609/1021/434 610/1037/434
f 618/1043/435 622/1044/435 621/1045/435 617/1046/435
f 617/1047/436 621/1048/436 624/1049/436 619/1050/436
f 620/1051/437 619/1052/437 624/1053/437 623/1054/437
f 622/1055/438 618/1056/438 620/1057/438 623/1058/438
usemtl Material.010
f 625/1021/439 629/1022/439 631/1023/439 627/1024/439
f 628/1025/440 627/1024/440 631/1026/440 632/1027/440
f 634/1028/431 629/1029/431 630/1030/431 632/1031/431 631/1032/431 633/1033/431 635/1034/431 636/1035/431
f 631/1032/431 629/1029/431 634/1028/431 633/1033/431
f 630/1036/441 626/1037/441 628/1025/441 632/1038/441
f 637/1039/433 627/1024/433 628/1025/433 626/1037/433 625/1021/433 638/1040/433 639/1041/433 640/1042/433
f 638/1040/433 625/1021/433 627/1024/433 637/1039/433
f 630/1030/442 629/1029/442 625/1021/442 626/1037/442
f 634/1043/443 638/1044/443 637/1045/443 633/1046/443
f 633/1047/444 637/1048/444 640/1049/444 635/1050/444
f 636/1051/445 635/1052/445 640/1053/445 639/1054/445
f 638/1055/446 634/1056/446 636/1057/446 639/1058/446
usemtl Material.018
f 641/1031/431 642/1032/431 644/1029/431 643/1030/431
f 643/1030/430 644/1029/430 648/1021/430 647/1037/430
f 647/1037/433 648/1021/433 646/1024/433 645/1025/433
f 645/1025/434 646/1024/434 642/1026/434 641/1027/434
f 643/1036/429 647/1037/429 645/1025/429 641/1038/429
f 648/1021/432 644/1022/432 642/1023/432 646/1024/432
f 649/1031/433 650/1032/433 652/1029/433 651/1030/433
f 651/1030/434 652/1029/434 656/1021/434 655/1037/434
f 655/1037/431 656/1021/431 654/1024/431 653/1025/431
f 653/1025/430 654/1024/430 650/1026/430 649/1027/430
f 651/1036/429 655/1037/429 653/1025/429 649/1038/429
f 656/1021/432 652/1022/432 650/1023/432 654/1024/432
f 657/1031/433 658/1032/433 660/1029/433 659/1030/433
f 659/1030/434 660/1029/434 664/1021/434 663/1037/434
f 663/1037/431 664/1021/431 662/1024/431 661/1025/431
f 661/1025/430 662/1024/430 658/1026/430 657/1027/430
f 659/1036/429 663/1037/429 661/1025/429 657/1038/429
f 664/1021/432 660/1022/432 658/1023/432 662/1024/432
f 665/1031/430 666/1032/430 668/1029/430 667/1030/430
f 667/1030/432 668/1029/432 672/1021/432 671/1037/432
f 671/1037/434 672/1021/434 670/1024/434 669/1025/434
f 669/1025/429 670/1024/429 666/1026/429 665/1027/429
f 667/1036/433 671/1037/433 669/1025/433 665/1038/433
f 672/1021/431 668/1022/431 666/1023/431 670/1024/431
f 673/1031/430 674/1032/430 676/1029/430 675/1030/430
f 675/1030/432 676/1029/432 680/1021/432 679/1037/432
f 679/1037/434 680/1021/434 678/1024/434 677/1025/434
f 677/1025/429 678/1024/429 674/1026/429 673/1027/429
f 675/1036/433 679/1037/433 677/1025/433 673/1038/433
f 680/1021/431 676/1022/431 674/1023/431 678/1024/431
f 681/1031/432 682/1032/432 684/1029/432 683/1030/432
f 683/1030/447 684/1029/447 688/1021/447 687/1037/447
f 687/1037/429 688/1021/429 686/1024/429 685/1025/429
f 685/1025/448 686/1024/448 682/1026/448 681/1027/448
f 683/1036/449 687/1037/449 685/1025/449 681/1038/449
f 688/1021/450 684/1022/450 682/1023/450 686/1024/450
f 689/1031/432 690/1032/432 692/1029/432 691/1030/432
f 691/1030/451 692/1029/451 696/1021/451 695/1037/451
f 695/1037/429 696/1021/429 694/1024/429 693/1025/429
f 693/1025/452 694/1024/452 690/1026/452 689/1027/452
f 691/1036/453 695/1037/453 693/1025/453 689/1038/453
f 696/1021/454 692/1022/454 690/1023/454 694/1024/454
f 697/1031/455 698/1032/455 700/1029/455 699/1030/455
f 699/1030/456 700/1029/456 704/1021/456 703/1037/456
f 703/1037/457 704/1021/457 702/1024/457 701/1025/457
f 701/1025/458 702/1024/458 698/1026/458 697/1027/458
f 699/1036/459 703/1037/459 701/1025/459 697/1038/459
f 704/1021/460 700/1022/460 698/1023/460 702/1024/460
f 705/1031/461 706/1032/461 708/1029/461 707/1030/461
f 707/1030/433 708/1029/433 712/1021/433 711/1037/433
f 711/1037/462 712/1021/462 710/1024/462 709/1025/462
f 709/1025/431 710/1024/431 706/1026/431 705/1027/431
f 707/1036/463 711/1037/463 709/1025/463 705/1038/463
f 712/1021/464 708/1022/464 706/1023/464 710/1024/464
o Floor
v 10.560522 -1.989770 -10.369864
v 10.560522 -1.805929 -10.369864
v 10.560524 -1.989770 5.737311
v 10.560524 -1.805929 5.737311
v -3.177333 -1.989770 -10.369862
v -3.177333 -1.805929 -10.369862
v -3.177332 -1.989770 5.737313
v -3.177332 -1.805929 5.737313
vn 1.0000 -0.0000 -0.0000
vn -0.0000 -0.0000 1.0000
vn -1.0000 -0.0000 -0.0000
vn -0.0000 -0.0000 -1.0000
vn -0.0000 -1.0000 -0.0000
vn -0.0000 1.0000 -0.0000
vt -0.523447 -3.593788
vt 1.523447 -3.593788
vt 1.523447 -1.546894
vt -0.523447 -1.546894
vt 1.523447 0.500000
vt -0.523447 0.500000
vt 1.523447 2.546894
vt -0.523447 2.546894
vt 1.523447 4.593788
vt -0.523447 4.593788
vt -2.570341 0.500000
vt -2.570341 2.546894
vt 3.570341 0.500000
vt 3.570341 2.546894
s 0
usemtl Material.017
f 713/1059/465 714/1060/465 716/1061/465 715/1062/465
f 715/1062/466 716/1061/466 720/1063/466 719/1064/466
f 719/1064/467 720/1063/467 718/1065/467 717/1066/467
f 717/1066/468 718/1065/468 714/1067/468 713/1068/468
f 715/1069/469 719/1064/469 717/1066/469 713/1070/469
f 720/1063/470 716/1071/470 714/1072/470 718/1065/470
o Window.002
v 1.680660 3.354084 -10.118599
v 1.680660 0.319926 -10.118599
v -1.023893 3.354084 -10.232574
v -1.023893 0.319926 -10.232574
v 1.691673 3.354084 -10.379915
v 1.691673 0.319926 -10.379915
v -1.012881 3.354084 -10.493890
v -1.012881 0.319926 -10.493890
v -0.846911 3.264973 -10.486896
v 1.502872 3.265646 -10.387872
v -0.845000 0.455098 -10.486815
v 1.504783 0.455772 -10.387791
v -0.857918 3.264437 -10.225579
v 1.491865 3.265110 -10.126554
v 1.493776 0.455236 -10.126474
v -0.856007 0.454562 -10.225498
v 1.534944 3.274383 -10.202539
v 1.545505 0.433094 -10.202095
v -0.848849 3.266140 -10.302998
v -0.838288 0.424851 -10.302552
v 1.540441 3.274383 -10.332978
v 1.551002 0.433094 -10.332534
v -0.843352 3.266140 -10.433436
v -0.832791 0.424851 -10.432991
v -0.696784 3.184775 -10.427259
v 1.374312 3.192555 -10.339979
v -0.685249 0.549553 -10.426773
v 1.385847 0.557333 -10.339494
v -0.702274 3.184283 -10.296821
v 1.368822 3.192063 -10.209540
v 1.380356 0.556840 -10.209054
v -0.690740 0.549060 -10.296334
v 1.854201 0.469033 -10.019044
v 1.854201 0.326785 -10.019044
v -1.231556 0.469033 -10.149083
v -1.231556 0.326786 -10.149083
v 1.835714 0.469033 -9.580341
v 1.835714 0.326785 -9.580341
v -1.250044 0.469033 -9.710382
v -1.250044 0.326786 -9.710382
v 0.690600 0.334826 -9.927799
v 0.690600 0.257506 -9.927799
v 0.733196 0.334826 -9.926004
v 0.733196 0.257506 -9.926004
v 0.692156 0.334826 -9.964707
v 0.692156 0.257506 -9.964707
v 0.734752 0.334826 -9.962912
v 0.734752 0.257506 -9.962912
v -0.150862 0.336223 -9.962051
v -0.150862 0.258902 -9.962051
v -0.108266 0.336223 -9.960256
v -0.108266 0.258902 -9.960256
v -0.149306 0.336223 -9.998959
v -0.149306 0.258902 -9.998959
v -0.106710 0.336223 -9.997164
v -0.106710 0.258902 -9.997164
v 0.693563 0.279720 -9.961922
v 0.704286 0.279720 -10.216366
v 0.693563 0.258475 -9.961922
v 0.704286 0.258475 -10.216366
v 0.734404 0.279720 -9.960200
v 0.745127 0.279720 -10.214644
v 0.734404 0.258475 -9.960200
v 0.745127 0.258475 -10.214644
v -0.148379 0.279720 -9.997402
v -0.137656 0.279720 -10.251846
v -0.148379 0.258475 -9.997402
v -0.137656 0.258475 -10.251846
v -0.107538 0.279720 -9.995682
v -0.096815 0.279720 -10.250125
v -0.107538 0.258475 -9.995682
v -0.096815 0.258475 -10.250125
v -0.919032 0.262228 -10.496709
v -2.393279 0.262228 -10.496727
v -0.919031 0.262228 -10.606232
v -2.393277 0.262228 -10.606250
v -0.919033 3.386802 -10.496709
v -2.393279 3.386802 -10.496727
v -0.919031 3.386802 -10.606232
v -2.393277 3.386802 -10.606250
v 3.081735 0.280846 -10.333035
v 1.608804 0.280846 -10.395306
v 3.086361 0.280846 -10.442459
v 1.613430 0.280846 -10.504730
v 3.081735 3.405420 -10.333034
v 1.608804 3.405420 -10.395306
v 3.086361 3.405420 -10.442459
v 1.613430 3.405420 -10.504730
v 0.270134 3.256858 -10.260619
v 0.281924 0.510395 -10.272406
v 0.351400 3.257192 -10.257195
v 0.363189 0.510729 -10.268981
v 0.274160 3.257286 -10.356181
v 0.285949 0.510822 -10.367968
v 0.355425 3.257620 -10.352757
v 0.367214 0.511156 -10.364543
v -0.692593 1.709121 -10.411311
v 1.379865 1.717165 -10.324010
v -0.695270 1.709121 -10.347755
v 1.377188 1.717165 -10.260454
v -0.692952 1.801795 -10.411325
v 1.379506 1.809839 -10.324025
v -0.695629 1.801795 -10.347771
v 1.376829 1.809839 -10.260469
vn -0.0000 1.0000 -0.0000
vn -0.9991 -0.0000 -0.0421
vn 0.0421 -0.0000 -0.9991
vn -0.0000 -1.0000 -0.0000
vn -0.0421 -0.0000 0.9991
vn 0.9991 -0.0000 0.0421
vn 0.0004 -1.0000 -0.0020
vn 0.9991 0.0007 0.0421
vn -0.0004 1.0000 0.0020
vn -0.9991 -0.0007 -0.0421
vn -0.0035 1.0000 -0.0001
vn -0.9991 -0.0037 -0.0421
vn 0.0035 -1.0000 0.0001
vn 0.9991 0.0037 0.0421
vn 0.0039 -1.0000 -0.0036
vn 0.9991 0.0044 0.0421
vn -0.0039 1.0000 0.0036
vn -0.9991 -0.0044 -0.0421
vn -0.0000 -0.0000 -1.0000
vn -0.0000 -0.0000 1.0000
vn 1.0000 -0.0000 -0.0000
vn -1.0000 -0.0000 -0.0000
vn 0.0422 -0.0000 -0.9991
vn -0.0422 -0.0000 0.9991
vn 0.9991 -0.0000 0.0422
vn -0.9991 -0.0000 -0.0422
vn -0.0421 -0.0045 0.9991
vn 0.9991 0.0041 0.0421
vn 0.0421 0.0045 -0.9991
vn -0.9991 -0.0041 -0.0421
vn -0.0043 1.0000 0.0043
vn 0.0043 -1.0000 -0.0043
vn 0.0039 -1.0000 0.0002
vn -0.0039 1.0000 -0.0002
vn -0.9991 -0.0039 -0.0421
vn 0.9991 0.0039 0.0421
vt 0.625000 0.500000
vt 0.875000 0.500000
vt 0.875000 0.750000
vt 0.625000 0.750000
vt 0.375000 0.750000
vt 0.625000 1.000000
vt 0.375000 1.000000
vt 0.602902 0.210742
vt 0.625000 0.250000
vt 0.375000 0.250000
vt 0.375000 0.000000
vt 0.625000 0.000000
vt 0.602856 0.039438
vt 0.411373 0.039578
vt 0.411418 0.210882
vt 0.125000 0.500000
vt 0.375000 0.500000
vt 0.125000 0.750000
vt 0.602820 0.710561
vt 0.602865 0.539257
vt 0.411382 0.539118
vt 0.411336 0.710422
vt 0.856137 0.500000
vt 0.719964 0.500000
vt 0.719982 0.750000
vt 0.856155 0.750000
vt 0.625000 0.981155
vt 0.625000 0.844982
vt 0.375000 0.839478
vt 0.375000 0.975651
vt 0.149367 0.500000
vt 0.149349 0.750000
vt 0.285522 0.750000
vt 0.285539 0.500000
vt 0.625000 0.405036
vt 0.625000 0.268863
vt 0.375000 0.274367
vt 0.375000 0.410539
s 0
usemtl Material.013
f 721/1073/471 725/1074/471 727/1075/471 723/1076/471
f 724/1077/472 723/1076/472 727/1078/472 728/1079/472
f 730/1080/473 725/1081/473 726/1082/473 728/1083/473 727/1084/473 729/1085/473 731/1086/473 732/1087/473
f 727/1084/473 725/1081/473 730/1080/473 729/1085/473
f 726/1088/474 722/1089/474 724/1077/474 728/1090/474
f 733/1091/475 723/1076/475 724/1077/475 722/1089/475 721/1073/475 734/1092/475 735/1093/475 736/1094/475
f 734/1092/475 721/1073/475 723/1076/475 733/1091/475
f 726/1082/476 725/1081/476 721/1073/476 722/1089/476
f 730/1095/477 734/1096/477 733/1097/477 729/1098/477
f 729/1099/478 733/1100/478 736/1101/478 731/1102/478
f 732/1103/479 731/1104/479 736/1105/479 735/1106/479
f 734/1107/480 730/1108/480 732/1109/480 735/1110/480
usemtl Material.014
f 737/1073/481 741/1074/481 743/1075/481 739/1076/481
f 740/1077/482 739/1076/482 743/1078/482 744/1079/482
f 746/1080/473 741/1081/473 742/1082/473 744/1083/473 743/1084/473 745/1085/473 747/1086/473 748/1087/473
f 743/1084/473 741/1081/473 746/1080/473 745/1085/473
f 742/1088/483 738/1089/483 740/1077/483 744/1090/483
f 749/1091/475 739/1076/475 740/1077/475 738/1089/475 737/1073/475 750/1092/475 751/1093/475 752/1094/475
f 750/1092/475 737/1073/475 739/1076/475 749/1091/475
f 742/1082/484 741/1081/484 737/1073/484 738/1089/484
f 746/1095/485 750/1096/485 749/1097/485 745/1098/485
f 745/1099/486 749/1100/486 752/1101/486 747/1102/486
f 748/1103/487 747/1104/487 752/1105/487 751/1106/487
f 750/1107/488 746/1108/488 748/1109/488 751/1110/488
usemtl Material.023
f 753/1083/473 754/1084/473 756/1081/473 755/1082/473
f 755/1082/472 756/1081/472 760/1073/472 759/1089/472
f 759/1089/475 760/1073/475 758/1076/475 757/1077/475
f 757/1077/476 758/1076/476 754/1078/476 753/1079/476
f 755/1088/471 759/1089/471 757/1077/471 753/1090/471
f 760/1073/474 756/1074/474 754/1075/474 758/1076/474
f 761/1083/475 762/1084/475 764/1081/475 763/1082/475
f 763/1082/476 764/1081/476 768/1073/476 767/1089/476
f 767/1089/473 768/1073/473 766/1076/473 765/1077/473
f 765/1077/472 766/1076/472 762/1078/472 761/1079/472
f 763/1088/471 767/1089/471 765/1077/471 761/1090/471
f 768/1073/474 764/1074/474 762/1075/474 766/1076/474
f 769/1083/475 770/1084/475 772/1081/475 771/1082/475
f 771/1082/476 772/1081/476 776/1073/476 775/1089/476
f 775/1089/473 776/1073/473 774/1076/473 773/1077/473
f 773/1077/472 774/1076/472 770/1078/472 769/1079/472
f 771/1088/471 775/1089/471 773/1077/471 769/1090/471
f 776/1073/474 772/1074/474 770/1075/474 774/1076/474
f 777/1083/472 778/1084/472 780/1081/472 779/1082/472
f 779/1082/474 780/1081/474 784/1073/474 783/1089/474
f 783/1089/476 784/1073/476 782/1076/476 781/1077/476
f 781/1077/471 782/1076/471 778/1078/471 777/1079/471
f 779/1088/475 783/1089/475 781/1077/475 777/1090/475
f 784/1073/473 780/1074/473 778/1075/473 782/1076/473
f 785/1083/472 786/1084/472 788/1081/472 787/1082/472
f 787/1082/474 788/1081/474 792/1073/474 791/1089/474
f 791/1089/476 792/1073/476 790/1076/476 789/1077/476
f 789/1077/471 790/1076/471 786/1078/471 785/1079/471
f 787/1088/475 791/1089/475 789/1077/475 785/1090/475
f 792/1073/473 788/1074/473 786/1075/473 790/1076/473
f 793/1083/474 794/1084/474 796/1081/474 795/1082/474
f 795/1082/489 796/1081/489 800/1073/489 799/1089/489
f 799/1089/471 800/1073/471 798/1076/471 797/1077/471
f 797/1077/490 798/1076/490 794/1078/490 793/1079/490
f 795/1088/491 799/1089/491 797/1077/491 793/1090/491
f 800/1073/492 796/1074/492 794/1075/492 798/1076/492
f 801/1083/474 802/1084/474 804/1081/474 803/1082/474
f 803/1082/493 804/1081/493 808/1073/493 807/1089/493
f 807/1089/471 808/1073/471 806/1076/471 805/1077/471
f 805/1077/494 806/1076/494 802/1078/494 801/1079/494
f 803/1088/495 807/1089/495 805/1077/495 801/1090/495
f 808/1073/496 804/1074/496 802/1075/496 806/1076/496
f 809/1083/497 810/1084/497 812/1081/497 811/1082/497
f 811/1082/498 812/1081/498 816/1073/498 815/1089/498
f 815/1089/499 816/1073/499 814/1076/499 813/1077/499
f 813/1077/500 814/1076/500 810/1078/500 809/1079/500
f 811/1088/501 815/1089/501 813/1077/501 809/1090/501
f 816/1073/502 812/1074/502 810/1075/502 814/1076/502
f 817/1083/503 818/1084/503 820/1081/503 819/1082/503
f 819/1082/475 820/1081/475 824/1073/475 823/1089/475
f 823/1089/504 824/1073/504 822/1076/504 821/1077/504
f 821/1077/473 822/1076/473 818/1078/473 817/1079/473
f 819/1088/505 823/1089/505 821/1077/505 817/1090/505
f 824/1073/506 820/1074/506 818/1075/506 822/1076/506
o Window.003
v 7.731929 3.354084 -10.118599
v 7.731929 0.319926 -10.118599
v 5.027375 3.354084 -10.232574
v 5.027375 0.319926 -10.232574
v 7.742941 3.354084 -10.379915
v 7.742941 0.319926 -10.379915
v 5.038388 3.354084 -10.493890
v 5.038388 0.319926 -10.493890
v 5.204358 3.264973 -10.486896
v 7.554141 3.265646 -10.387872
v 5.206268 0.455098 -10.486815
v 7.556052 0.455772 -10.387791
v 5.193350 3.264437 -10.225579
v 7.543134 3.265110 -10.126554
v 7.545045 0.455236 -10.126474
v 5.195261 0.454562 -10.225498
v 7.586213 3.274383 -10.202539
v 7.596774 0.433094 -10.202095
v 5.202420 3.266140 -10.302998
v 5.212981 0.424851 -10.302552
v 7.591710 3.274383 -10.332978
v 7.602271 0.433094 -10.332534
v 5.207917 3.266140 -10.433436
v 5.218478 0.424851 -10.432991
v 5.354486 3.184775 -10.427259
v 7.425581 3.192555 -10.339979
v 5.366019 0.549553 -10.426773
v 7.437116 0.557333 -10.339494
v 5.348995 3.184283 -10.296821
v 7.420091 3.192063 -10.209540
v 7.431625 0.556840 -10.209054
v 5.360529 0.549060 -10.296334
v 7.905470 0.469033 -10.019044
v 7.905470 0.326785 -10.019044
v 4.819713 0.469033 -10.149083
v 4.819713 0.326786 -10.149083
v 7.886982 0.469033 -9.580341
v 7.886982 0.326785 -9.580341
v 4.801225 0.469033 -9.710382
v 4.801225 0.326786 -9.710382
v 6.741869 0.334826 -9.927799
v 6.741869 0.257506 -9.927799
v 6.784465 0.334826 -9.926004
v 6.784465 0.257506 -9.926004
v 6.743424 0.334826 -9.964707
v 6.743424 0.257506 -9.964707
v 6.786020 0.334826 -9.962912
v 6.786020 0.257506 -9.962912
v 5.900407 0.336223 -9.962051
v 5.900407 0.258902 -9.962051
v 5.943003 0.336223 -9.960256
v 5.943003 0.258902 -9.960256
v 5.901963 0.336223 -9.998959
v 5.901963 0.258902 -9.998959
v 5.944559 0.336223 -9.997164
v 5.944559 0.258902 -9.997164
v 6.744832 0.279720 -9.961922
v 6.755555 0.279720 -10.216366
v 6.744832 0.258475 -9.961922
v 6.755555 0.258475 -10.216366
v 6.785673 0.279720 -9.960200
v 6.796396 0.279720 -10.214644
v 6.785673 0.258475 -9.960200
v 6.796396 0.258475 -10.214644
v 5.902890 0.279720 -9.997402
v 5.913612 0.279720 -10.251846
v 5.902890 0.258475 -9.997402
v 5.913612 0.258475 -10.251846
v 5.943731 0.279720 -9.995682
v 5.954453 0.279720 -10.250125
v 5.943731 0.258475 -9.995682
v 5.954453 0.258475 -10.250125
v 5.132236 0.262228 -10.496709
v 3.657990 0.262228 -10.496727
v 5.132237 0.262228 -10.606232
v 3.657991 0.262228 -10.606250
v 5.132236 3.386802 -10.496709
v 3.657990 3.386802 -10.496727
v 5.132237 3.386802 -10.606232
v 3.657991 3.386802 -10.606250
v 9.133003 0.280846 -10.333035
v 7.660073 0.280846 -10.395306
v 9.137630 0.280846 -10.442459
v 7.664699 0.280846 -10.504730
v 9.133003 3.405420 -10.333034
v 7.660073 3.405420 -10.395306
v 9.137630 3.405420 -10.442459
v 7.664699 3.405420 -10.504730
v 6.321403 3.256858 -10.260619
v 6.333192 0.510395 -10.272406
v 6.402668 3.257192 -10.257195
v 6.414458 0.510729 -10.268981
v 6.325428 3.257286 -10.356181
v 6.337218 0.510822 -10.367968
v 6.406694 3.257620 -10.352757
v 6.418483 0.511156 -10.364543
v 5.358676 1.709121 -10.411311
v 7.431134 1.717165 -10.324010
v 5.355999 1.709121 -10.347755
v 7.428457 1.717165 -10.260454
v 5.358317 1.801795 -10.411325
v 7.430775 1.809839 -10.324025
v 5.355640 1.801795 -10.347771
v 7.428098 1.809839 -10.260469
vn -0.0000 1.0000 -0.0000
vn -0.9991 -0.0000 -0.0421
vn 0.0421 -0.0000 -0.9991
vn -0.0000 -1.0000 -0.0000
vn -0.0421 -0.0000 0.9991
vn 0.9991 -0.0000 0.0421
vn 0.0004 -1.0000 -0.0020
vn 0.9991 0.0007 0.0421
vn -0.0004 1.0000 0.0020
vn -0.9991 -0.0007 -0.0421
vn -0.0035 1.0000 -0.0001
vn -0.9991 -0.0037 -0.0421
vn 0.0035 -1.0000 0.0001
vn 0.9991 0.0037 0.0421
vn 0.0039 -1.0000 -0.0036
vn 0.9991 0.0044 0.0421
vn -0.0039 1.0000 0.0036
vn -0.9991 -0.0044 -0.0421
vn -0.0000 -0.0000 -1.0000
vn -0.0000 -0.0000 1.0000
vn 1.0000 -0.0000 -0.0000
vn -1.0000 -0.0000 -0.0000
vn 0.0422 -0.0000 -0.9991
vn -0.0422 -0.0000 0.9991
vn 0.9991 -0.0000 0.0422
vn -0.9991 -0.0000 -0.0422
vn -0.0421 -0.0045 0.9991
vn 0.9991 0.0041 0.0421
vn 0.0421 0.0045 -0.9991
vn -0.9991 -0.0041 -0.0421
vn -0.0043 1.0000 0.0043
vn 0.0043 -1.0000 -0.0043
vn 0.0039 -1.0000 0.0002
vn -0.0039 1.0000 -0.0002
vn -0.9991 -0.0039 -0.0421
vn 0.9991 0.0039 0.0421
vt 0.625000 0.500000
vt 0.875000 0.500000
vt 0.875000 0.750000
vt 0.625000 0.750000
vt 0.375000 0.750000
vt 0.625000 1.000000
vt 0.375000 1.000000
vt 0.602902 0.210742
vt 0.625000 0.250000
vt 0.375000 0.250000
vt 0.375000 0.000000
vt 0.625000 0.000000
vt 0.602856 0.039438
vt 0.411373 0.039578
vt 0.411418 0.210882
vt 0.125000 0.500000
vt 0.375000 0.500000
vt 0.125000 0.750000
vt 0.602820 0.710561
vt 0.602865 0.539257
vt 0.411382 0.539118
vt 0.411336 0.710422
vt 0.856137 0.500000
vt 0.719964 0.500000
vt 0.719982 0.750000
vt 0.856155 0.750000
vt 0.625000 0.981155
vt 0.625000 0.844982
vt 0.375000 0.839478
vt 0.375000 0.975651
vt 0.149367 0.500000
vt 0.149349 0.750000
vt 0.285522 0.750000
vt 0.285539 0.500000
vt 0.625000 0.405036
vt 0.625000 0.268863
vt 0.375000 0.274367
vt 0.375000 0.410539
s 0
usemtl Material.015
f 825/1111/507 829/1112/507 831/1113/507 827/1114/507
f 828/1115/508 827/1114/508 831/1116/508 832/1117/508
f 834/1118/509 829/1119/509 830/1120/509 832/1121/509 831/1122/509 833/1123/509 835/1124/509 836/1125/509
f 831/1122/509 829/1119/509 834/1118/509 833/1123/509
f 830/1126/510 826/1127/510 828/1115/510 832/1128/510
f 837/1129/511 827/1114/511 828/1115/511 826/1127/511 825/1111/511 838/1130/511 839/1131/511 840/1132/511
f 838/1130/511 825/1111/511 827/1114/511 837/1129/511
f 830/1120/512 829/1119/512 825/1111/512 826/1127/512
f 834/1133/513 838/1134/513 837/1135/513 833/1136/513
f 833/1137/514 837/1138/514 840/1139/514 835/1140/514
f 836/1141/515 835/1142/515 840/1143/515 839/1144/515
f 838/1145/516 834/1146/516 836/1147/516 839/1148/516
usemtl Material.016
f 841/1111/517 845/1112/517 847/1113/517 843/1114/517
f 844/1115/518 843/1114/518 847/1116/518 848/1117/518
f 850/1118/509 845/1119/509 846/1120/509 848/1121/509 847/1122/509 849/1123/509 851/1124/509 852/1125/509
f 847/1122/509 845/1119/509 850/1118/509 849/1123/509
f 846/1126/519 842/1127/519 844/1115/519 848/1128/519
f 853/1129/511 843/1114/511 844/1115/511 842/1127/511 841/1111/511 854/1130/511 855/1131/511 856/1132/511
f 854/1130/511 841/1111/511 843/1114/511 853/1129/511
f 846/1120/520 845/1119/520 841/1111/520 842/1127/520
f 850/1133/521 854/1134/521 853/1135/521 849/1136/521
f 849/1137/522 853/1138/522 856/1139/522 851/1140/522
f 852/1141/523 851/1142/523 856/1143/523 855/1144/523
f 854/1145/524 850/1146/524 852/1147/524 855/1148/524
usemtl Material.022
f 857/1121/509 858/1122/509 860/1119/509 859/1120/509
f 859/1120/508 860/1119/508 864/1111/508 863/1127/508
f 863/1127/511 864/1111/511 862/1114/511 861/1115/511
f 861/1115/512 862/1114/512 858/1116/512 857/1117/512
f 859/1126/507 863/1127/507 861/1115/507 857/1128/507
f 864/1111/510 860/1112/510 858/1113/510 862/1114/510
f 865/1121/511 866/1122/511 868/1119/511 867/1120/511
f 867/1120/512 868/1119/512 872/1111/512 871/1127/512
f 871/1127/509 872/1111/509 870/1114/509 869/1115/509
f 869/1115/508 870/1114/508 866/1116/508 865/1117/508
f 867/1126/507 871/1127/507 869/1115/507 865/1128/507
f 872/1111/510 868/1112/510 866/1113/510 870/1114/510
f 873/1121/511 874/1122/511 876/1119/511 875/1120/511
f 875/1120/512 876/1119/512 880/1111/512 879/1127/512
f 879/1127/509 880/1111/509 878/1114/509 877/1115/509
f 877/1115/508 878/1114/508 874/1116/508 873/1117/508
f 875/1126/507 879/1127/507 877/1115/507 873/1128/507
f 880/1111/510 876/1112/510 874/1113/510 878/1114/510
f 881/1121/508 882/1122/508 884/1119/508 883/1120/508
f 883/1120/510 884/1119/510 888/1111/510 887/1127/510
f 887/1127/512 888/1111/512 886/1114/512 885/1115/512
f 885/1115/507 886/1114/507 882/1116/507 881/1117/507
f 883/1126/511 887/1127/511 885/1115/511 881/1128/511
f 888/1111/509 884/1112/509 882/1113/509 886/1114/509
f 889/1121/508 890/1122/508 892/1119/508 891/1120/508
f 891/1120/510 892/1119/510 896/1111/510 895/1127/510
f 895/1127/512 896/1111/512 894/1114/512 893/1115/512
f 893/1115/507 894/1114/507 890/1116/507 889/1117/507
f 891/1126/511 895/1127/511 893/1115/511 889/1128/511
f 896/1111/509 892/1112/509 890/1113/509 894/1114/509
f 897/1121/510 898/1122/510 900/1119/510 899/1120/510
f 899/1120/525 900/1119/525 904/1111/525 903/1127/525
f 903/1127/507 904/1111/507 902/1114/507 901/1115/507
f 901/1115/526 902/1114/526 898/1116/526 897/1117/526
f 899/1126/527 903/1127/527 901/1115/527 897/1128/527
f 904/1111/528 900/1112/528 898/1113/528 902/1114/528
f 905/1121/510 906/1122/510 908/1119/510 907/1120/510
f 907/1120/529 908/1119/529 912/1111/529 911/1127/529
f 911/1127/507 912/1111/507 910/1114/507 909/1115/507
f 909/1115/530 910/1114/530 906/1116/530 905/1117/530
f 907/1126/531 911/1127/531 909/1115/531 905/1128/531
f 912/1111/532 908/1112/532 906/1113/532 910/1114/532
f 913/1121/533 914/1122/533 916/1119/533 915/1120/533
f 915/1120/534 916/1119/534 920/1111/534 919/1127/534
f 919/1127/535 920/1111/535 918/1114/535 917/1115/535
f 917/1115/536 918/1114/536 914/1116/536 913/1117/536
f 915/1126/537 919/1127/537 917/1115/537 913/1128/537
f 920/1111/538 916/1112/538 914/1113/538 918/1114/538
f 921/1121/539 922/1122/539 924/1119/539 923/1120/539
f 923/1120/511 924/1119/511 928/1111/511 927/1127/511
f 927/1127/540 928/1111/540 926/1114/540 925/1115/540
f 925/1115/509 926/1114/509 922/1116/509 921/1117/509
f 923/1126/541 927/1127/541 925/1115/541 921/1128/541
f 928/1111/542 924/1112/542 922/1113/542 926/1114/542
o Window.004
v -1.076717 3.354084 5.666967
v -1.076717 0.319926 5.666967
v 1.630179 3.354084 5.649187
v 1.630179 0.319926 5.649187
v -1.074999 3.354084 5.928510
v -1.074999 0.319926 5.928510
v 1.631897 3.354084 5.910729
v 1.631897 0.319926 5.910729
v 1.465784 3.264973 5.911820
v -0.886034 3.265646 5.927269
v 1.463871 0.455098 5.911833
v -0.887947 0.455772 5.927281
v 1.464060 3.264437 5.650278
v -0.887758 3.265110 5.665726
v -0.889671 0.455236 5.665739
v 1.462148 0.454562 5.650290
v -0.927088 3.274383 5.743717
v -0.937658 0.433094 5.743787
v 1.458769 3.266140 5.728045
v 1.448199 0.424851 5.728115
v -0.926230 3.274383 5.874269
v -0.936801 0.433094 5.874339
v 1.459627 3.266140 5.858597
v 1.449056 0.424851 5.858667
v 1.312931 3.184775 5.859561
v -0.759958 3.192555 5.873177
v 1.301387 0.549553 5.859637
v -0.771502 0.557333 5.873253
v 1.312068 3.184283 5.729009
v -0.760822 3.192063 5.742625
v -0.772366 0.556840 5.742701
v 1.300523 0.549060 5.729085
v -1.254897 0.469033 5.575975
v -1.254897 0.326785 5.575975
v 1.833533 0.469033 5.555689
v 1.833533 0.326786 5.555689
v -1.257781 0.469033 5.136893
v -1.257781 0.326785 5.136893
v 1.830649 0.469033 5.116607
v 1.830649 0.326786 5.116607
v -0.097115 0.334826 5.428212
v -0.097115 0.257506 5.428212
v -0.139748 0.334826 5.428492
v -0.139748 0.257506 5.428492
v -0.096873 0.334826 5.465151
v -0.096873 0.257506 5.465151
v -0.139506 0.334826 5.465431
v -0.139506 0.257506 5.465431
v 0.745016 0.336223 5.421472
v 0.745016 0.258902 5.421472
v 0.702384 0.336223 5.421752
v 0.702384 0.258902 5.421752
v 0.745259 0.336223 5.458411
v 0.745259 0.258902 5.458411
v 0.702626 0.336223 5.458692
v 0.702626 0.258902 5.458692
v -0.098414 0.279720 5.462437
v -0.096742 0.279720 5.717102
v -0.098414 0.258475 5.462437
v -0.096742 0.258475 5.717102
v -0.139291 0.279720 5.462706
v -0.137618 0.279720 5.717370
v -0.139291 0.258475 5.462706
v -0.137618 0.258475 5.717370
v 0.744257 0.279720 5.456902
v 0.745930 0.279720 5.711566
v 0.744257 0.258475 5.456902
v 0.745930 0.258475 5.711566
v 0.703381 0.279720 5.457170
v 0.705054 0.279720 5.711835
v 0.703381 0.258475 5.457170
v 0.705054 0.258475 5.711835
v 1.538297 0.262228 5.918113
v 3.010798 0.262228 5.846385
v 1.543625 0.262228 6.027505
v 3.016126 0.262228 5.955778
v 1.538297 3.386802 5.918112
v 3.010798 3.386802 5.846385
v 1.543625 3.386802 6.027505
v 3.016126 3.386802 5.955777
v -2.465696 0.280846 5.949334
v -0.991480 0.280846 5.939849
v -2.464991 0.280846 6.058854
v -0.990775 0.280846 6.049370
v -2.465696 3.405420 5.949333
v -0.991480 3.405420 5.939849
v -2.464991 3.405420 6.058854
v -0.990775 3.405420 6.049369
v 0.339049 3.256858 5.740174
v 0.327848 0.510395 5.752521
v 0.257714 3.257192 5.740709
v 0.246512 0.510729 5.753055
v 0.339679 3.257286 5.835819
v 0.328478 0.510822 5.848165
v 0.258344 3.257620 5.836353
v 0.247142 0.511156 5.848699
v 1.307969 1.709121 5.843835
v -0.766282 1.717165 5.857496
v 1.307550 1.709121 5.780225
v -0.766701 1.717165 5.793886
v 1.308329 1.801795 5.843833
v -0.765922 1.809839 5.857494
v 1.307910 1.801795 5.780222
v -0.766341 1.809839 5.793883
vn -0.0000 1.0000 -0.0000
vn 1.0000 -0.0000 -0.0066
vn 0.0066 -0.0000 1.0000
vn -0.0000 -1.0000 -0.0000
vn -0.0066 -0.0000 -1.0000
vn -1.0000 -0.0000 0.0066
vn -0.0003 -1.0000 0.0021
vn -1.0000 0.0007 0.0066
vn 0.0003 1.0000 -0.0021
vn 1.0000 -0.0007 -0.0066
vn 0.0035 1.0000 -0.0000
vn 1.0000 -0.0037 -0.0066
vn -0.0035 -1.0000 -0.0000
vn -1.0000 0.0037 0.0066
vn -0.0037 -1.0000 0.0038
vn -1.0000 0.0044 0.0066
vn 0.0037 1.0000 -0.0038
vn 1.0000 -0.0044 -0.0066
vn 0.0487 -0.0000 0.9988
vn -0.0487 -0.0000 -0.9988
vn -0.9988 -0.0000 0.0487
vn 0.9988 -0.0000 -0.0487
vn 0.0064 -0.0000 1.0000
vn -0.0064 -0.0000 -1.0000
vn -1.0000 -0.0000 0.0064
vn 1.0000 -0.0000 -0.0064
vn -0.0066 -0.0045 -1.0000
vn -1.0000 0.0041 0.0066
vn 0.0066 0.0045 1.0000
vn 1.0000 -0.0041 -0.0066
vn 0.0041 1.0000 -0.0045
vn -0.0041 -1.0000 0.0045
vn -0.0039 -1.0000 -0.0000
vn 0.0039 1.0000 -0.0000
vn 1.0000 -0.0039 -0.0066
vn -1.0000 0.0039 0.0066
vt 0.625000 0.500000
vt 0.875000 0.500000
vt 0.875000 0.750000
vt 0.625000 0.750000
vt 0.375000 0.750000
vt 0.625000 1.000000
vt 0.375000 1.000000
vt 0.602902 0.210742
vt 0.625000 0.250000
vt 0.375000 0.250000
vt 0.375000 0.000000
vt 0.625000 0.000000
vt 0.602856 0.039438
vt 0.411373 0.039578
vt 0.411418 0.210882
vt 0.125000 0.500000
vt 0.375000 0.500000
vt 0.125000 0.750000
vt 0.602820 0.710561
vt 0.602865 0.539257
vt 0.411382 0.539118
vt 0.411336 0.710422
vt 0.856137 0.500000
vt 0.719964 0.500000
vt 0.719982 0.750000
vt 0.856155 0.750000
vt 0.625000 0.981155
vt 0.625000 0.844982
vt 0.375000 0.839478
vt 0.375000 0.975651
vt 0.149367 0.500000
vt 0.149349 0.750000
vt 0.285522 0.750000
vt 0.285539 0.500000
vt 0.625000 0.405036
vt 0.625000 0.268863
vt 0.375000 0.274367
vt 0.375000 0.410539
s 0
usemtl Material.019
f 929/1149/543 933/1150/543 935/1151/543 931/1152/543
f 932/1153/544 931/1152/544 935/1154/544 936/1155/544
f 938/1156/545 933/1157/545 934/1158/545 936/1159/545 935/1160/545 937/1161/545 939/1162/545 940/1163/545
f 935/1160/545 933/1157/545 938/1156/545 937/1161/545
f 934/1164/546 930/1165/546 932/1153/546 936/1166/546
f 941/1167/547 931/1152/547 932/1153/547 930/1165/547 929/1149/547 942/1168/547 943/1169/547 944/1170/547
f 942/1168/547 929/1149/547 931/1152/547 941/1167/547
f 934/1158/548 933/1157/548 929/1149/548 930/1165/548
f 938/1171/549 942/1172/549 941/1173/549 937/1174/549
f 937/1175/550 941/1176/550 944/1177/550 939/1178/550
f 940/1179/551 939/1180/551 944/1181/551 943/1182/551
f 942/1183/552 938/1184/552 940/1185/552 943/1186/552
usemtl Material.020
f 945/1149/553 949/1150/553 951/1151/553 947/1152/553
f 948/1153/554 947/1152/554 951/1154/554 952/1155/554
f 954/1156/545 949/1157/545 950/1158/545 952/1159/545 951/1160/545 953/1161/545 955/1162/545 956/1163/545
f 951/1160/545 949/1157/545 954/1156/545 953/1161/545
f 950/1164/555 946/1165/555 948/1153/555 952/1166/555
f 957/1167/547 947/1152/547 948/1153/547 946/1165/547 945/1149/547 958/1168/547 959/1169/547 960/1170/547
f 958/1168/547 945/1149/547 947/1152/547 957/1167/547
f 950/1158/556 949/1157/556 945/1149/556 946/1165/556
f 954/1171/557 958/1172/557 957/1173/557 953/1174/557
f 953/1175/558 957/1176/558 960/1177/558 955/1178/558
f 956/1179/559 955/1180/559 960/1181/559 959/1182/559
f 958/1183/560 954/1184/560 956/1185/560 959/1186/560
usemtl Material.021
f 961/1159/545 962/1160/545 964/1157/545 963/1158/545
f 963/1158/544 964/1157/544 968/1149/544 967/1165/544
f 967/1165/547 968/1149/547 966/1152/547 965/1153/547
f 965/1153/548 966/1152/548 962/1154/548 961/1155/548
f 963/1164/543 967/1165/543 965/1153/543 961/1166/543
f 968/1149/546 964/1150/546 962/1151/546 966/1152/546
f 969/1159/547 970/1160/547 972/1157/547 971/1158/547
f 971/1158/548 972/1157/548 976/1149/548 975/1165/548
f 975/1165/545 976/1149/545 974/1152/545 973/1153/545
f 973/1153/544 974/1152/544 970/1154/544 969/1155/544
f 971/1164/543 975/1165/543 973/1153/543 969/1166/543
f 976/1149/546 972/1150/546 970/1151/546 974/1152/546
f 977/1159/547 978/1160/547 980/1157/547 979/1158/547
f 979/1158/548 980/1157/548 984/1149/548 983/1165/548
f 983/1165/545 984/1149/545 982/1152/545 981/1153/545
f 981/1153/544 982/1152/544 978/1154/544 977/1155/544
f 979/1164/543 983/1165/543 981/1153/543 977/1166/543
f 984/1149/546 980/1150/546 978/1151/546 982/1152/546
f 985/1159/544 986/1160/544 988/1157/544 987/1158/544
f 987/1158/546 988/1157/546 992/1149/546 991/1165/546
f 991/1165/548 992/1149/548 990/1152/548 989/1153/548
f 989/1153/543 990/1152/543 986/1154/543 985/1155/543
f 987/1164/547 991/1165/547 989/1153/547 985/1166/547
f 992/1149/545 988/1150/545 986/1151/545 990/1152/545
f 993/1159/544 994/1160/544 996/1157/544 995/1158/544
f 995/1158/546 996/1157/546 1000/1149/546 999/1165/546
f 999/1165/548 1000/1149/548 998/1152/548 997/1153/548
f 997/1153/543 998/1152/543 994/1154/543 993/1155/543
f 995/1164/547 999/1165/547 997/1153/547 993/1166/547
f 1000/1149/545 996/1150/545 994/1151/545 998/1152/545
f 1001/1159/546 1002/1160/546 1004/1157/546 1003/1158/546
f 1003/1158/561 1004/1157/561 1008/1149/561 1007/1165/561
f 1007/1165/543 1008/1149/543 1006/1152/543 1005/1153/543
f 1005/1153/562 1006/1152/562 1002/1154/562 1001/1155/562
f 1003/1164/563 1007/1165/563 1005/1153/563 1001/1166/563
f 1008/1149/564 1004/1150/564 1002/1151/564 1006/1152/564
f 1009/1159/546 1010/1160/546 1012/1157/546 1011/1158/546
f 1011/1158/565 1012/1157/565 1016/1149/565 1015/1165/565
f 1015/1165/543 1016/1149/543 1014/1152/543 1013/1153/543
f 1013/1153/566 1014/1152/566 1010/1154/566 1009/1155/566
f 1011/1164/567 1015/1165/567 1013/1153/567 1009/1166/567
f 1016/1149/568 1012/1150/568 1010/1151/568 1014/1152/568
f 1017/1159/569 1018/1160/569 1020/1157/569 1019/1158/569
f 1019/1158/570 1020/1157/570 1024/1149/570 1023/1165/570
f 1023/1165/571 1024/1149/571 1022/1152/571 1021/1153/571
f 1021/1153/572 1022/1152/572 1018/1154/572 1017/1155/572
f 1019/1164/573 1023/1165/573 1021/1153/573 1017/1166/573
f 1024/1149/574 1020/1150/574 1018/1151/574 1022/1152/574
f 1025/1159/575 1026/1160/575 1028/1157/575 1027/1158/575
f 1027/1158/547 1028/1157/547 1032/1149/547 1031/1165/547
f 1031/1165/576 1032/1149/576 1030/1152/576 1029/1153/576
f 1029/1153/545 1030/1152/545 1026/1154/545 1025/1155/545
f 1027/1164/577 1031/1165/577 1029/1153/577 1025/1166/577
f 1032/1149/578 1028/1150/578 1026/1151/578 1030/1152/578
